date,time,sleep,sleep_time
20190825,0,1,11
20190825,1,1,11
20190825,2,1,11
20190825,3,1,11
20190825,4,1,11
20190825,5,1,11
20190825,6,1,11
20190825,7,1,11
20190825,8,1,11
20190825,9,1,11
20190825,10,2,11
20190825,11,2,11
20190825,12,2,11
20190825,13,2,11
20190825,14,2,11
20190825,15,2,11
20190825,16,2,11
20190825,17,2,11
20190825,18,2,11
20190825,19,2,11
20190825,20,2,11
20190825,21,2,11
20190825,22,2,11
20190825,23,2,11
20190825,24,2,11
20190825,25,2,11
20190825,26,2,11
20190825,27,2,11
20190825,28,1,11
20190825,29,1,11
20190825,30,1,11
20190825,31,1,11
20190825,32,1,11
20190825,33,1,11
20190825,34,1,11
20190825,35,1,11
20190825,36,1,11
20190825,37,1,11
20190825,38,2,11
20190825,39,2,11
20190825,40,2,11
20190825,41,2,11
20190825,42,2,11
20190825,43,2,11
20190825,44,2,11
20190825,45,2,11
20190825,46,2,11
20190825,47,2,11
20190825,48,2,11
20190825,49,2,11
20190825,50,2,11
20190825,51,2,11
20190825,52,2,11
20190825,53,2,11
20190825,54,2,11
20190825,55,2,11
20190825,56,1,11
20190825,57,1,11
20190825,58,1,11
20190825,59,1,11
20190825,60,1,11
20190825,61,1,11
20190825,62,1,11
20190825,63,1,11
20190825,64,1,11
20190825,65,1,11
20190825,66,1,11
20190825,67,1,11
20190825,68,1,11
20190825,69,1,11
20190825,70,1,11
20190825,71,1,11
20190825,72,1,11
20190825,73,1,11
20190825,74,1,11
20190825,75,1,11
20190825,76,0,11
20190825,77,0,11
20190825,78,0,11
20190825,79,0,11
20190825,80,0,11
20190825,81,0,11
20190825,82,0,11
20190825,83,0,11
20190825,84,0,11
20190825,85,0,11
20190825,86,0,11
20190825,87,0,11
20190825,88,0,11
20190825,89,0,11
20190825,90,0,11
20190825,91,0,11
20190825,92,0,11
20190825,93,0,11
20190825,94,0,11
20190825,95,0,11
20190825,96,0,11
20190825,97,0,11
20190825,98,0,11
20190825,99,0,11
20190825,100,0,11
20190825,101,0,11
20190825,102,0,11
20190825,103,0,11
20190825,104,0,11
20190825,105,0,11
20190825,106,0,11
20190825,107,0,11
20190825,108,0,11
20190825,109,0,11
20190825,110,0,11
20190825,111,1,11
20190825,112,1,11
20190825,113,1,11
20190825,114,1,11
20190825,115,1,11
20190825,116,1,11
20190825,117,1,11
20190825,118,1,11
20190825,119,1,11
20190825,120,1,11
20190825,121,1,11
20190825,122,1,11
20190825,123,1,11
20190825,124,1,11
20190825,125,1,11
20190825,126,1,11
20190825,127,1,11
20190825,128,1,11
20190825,129,1,11
20190825,130,1,11
20190825,131,1,11
20190825,132,1,11
20190825,133,1,11
20190825,134,1,11
20190825,135,1,11
20190825,136,1,11
20190825,137,1,11
20190825,138,1,11
20190825,139,1,11
20190825,140,1,11
20190825,141,1,11
20190825,142,1,11
20190825,143,1,11
20190825,144,1,11
20190825,145,1,11
20190825,146,1,11
20190825,147,1,11
20190825,148,1,11
20190825,149,1,11
20190825,150,1,11
20190825,151,1,11
20190825,152,1,11
20190825,153,1,11
20190825,154,1,11
20190825,155,1,11
20190825,156,1,11
20190825,157,1,11
20190825,158,1,11
20190825,159,1,11
20190825,160,1,11
20190825,161,1,11
20190825,162,1,11
20190825,163,1,11
20190825,164,1,11
20190825,165,1,11
20190825,166,1,11
20190825,167,1,11
20190825,168,1,11
20190825,169,1,11
20190825,170,1,11
20190825,171,1,11
20190825,172,1,11
20190825,173,1,11
20190825,174,0,11
20190825,175,0,11
20190825,176,0,11
20190825,177,0,11
20190825,178,0,11
20190825,179,0,11
20190825,180,0,11
20190825,181,0,11
20190825,182,0,11
20190825,183,0,11
20190825,184,0,11
20190825,185,0,11
20190825,186,0,11
20190825,187,0,11
20190825,188,0,11
20190825,189,0,11
20190825,190,0,11
20190825,191,0,11
20190825,192,0,11
20190825,193,0,11
20190825,194,0,11
20190825,195,0,11
20190825,196,0,11
20190825,197,0,11
20190825,198,0,11
20190825,199,0,11
20190825,200,0,11
20190825,201,0,11
20190825,202,0,11
20190825,203,0,11
20190825,204,1,11
20190825,205,1,11
20190825,206,1,11
20190825,207,1,11
20190825,208,1,11
20190825,209,1,11
20190825,210,1,11
20190825,211,1,11
20190825,212,1,11
20190825,213,1,11
20190825,214,1,11
20190825,215,1,11
20190825,216,1,11
20190825,217,2,11
20190825,218,2,11
20190825,219,2,11
20190825,220,2,11
20190825,221,2,11
20190825,222,2,11
20190825,223,2,11
20190825,224,2,11
20190825,225,2,11
20190825,226,2,11
20190825,227,2,11
20190825,228,2,11
20190825,229,2,11
20190825,230,2,11
20190825,231,2,11
20190825,232,2,11
20190825,233,2,11
20190825,234,2,11
20190825,235,2,11
20190825,236,1,11
20190825,237,1,11
20190825,238,1,11
20190825,239,1,11
20190825,240,1,11
20190825,241,1,11
20190825,242,1,11
20190825,243,1,11
20190825,244,1,11
20190825,245,1,11
20190825,246,2,11
20190825,247,2,11
20190825,248,2,11
20190825,249,2,11
20190825,250,2,11
20190825,251,2,11
20190825,252,2,11
20190825,253,2,11
20190825,254,2,11
20190825,255,2,11
20190825,256,2,11
20190825,257,2,11
20190825,258,2,11
20190825,259,2,11
20190825,260,2,11
20190825,261,2,11
20190825,262,2,11
20190825,263,2,11
20190825,264,1,11
20190825,265,1,11
20190825,266,1,11
20190825,267,1,11
20190825,268,1,11
20190825,269,1,11
20190825,270,1,11
20190825,271,1,11
20190825,272,1,11
20190825,273,1,11
20190825,274,1,11
20190825,275,1,11
20190825,276,1,11
20190825,277,1,11
20190825,278,1,11
20190825,279,1,11
20190825,280,1,11
20190825,281,1,11
20190825,282,1,11
20190825,283,1,11
20190825,284,1,11
20190825,285,1,11
20190825,286,1,11
20190825,287,1,11
20190825,288,1,11
20190825,289,1,11
20190825,290,1,11
20190825,291,2,11
20190825,292,2,11
20190825,293,2,11
20190825,294,2,11
20190825,295,2,11
20190825,296,2,11
20190825,297,2,11
20190825,298,2,11
20190825,299,2,11
20190825,300,2,11
20190825,301,2,11
20190825,302,2,11
20190825,303,2,11
20190825,304,1,11
20190825,305,1,11
20190825,306,1,11
20190825,307,1,11
20190825,308,1,11
20190825,309,1,11
20190825,310,1,11
20190825,311,1,11
20190825,312,1,11
20190825,313,1,11
20190825,314,1,11
20190825,315,1,11
20190825,316,1,11
20190825,317,1,11
20190825,318,1,11
20190825,319,1,11
20190825,320,1,11
20190825,321,1,11
20190825,322,1,11
20190825,323,1,11
20190825,324,1,11
20190825,325,1,11
20190825,326,1,11
20190825,327,1,11
20190825,328,1,11
20190825,329,1,11
20190825,330,1,11
20190825,331,1,11
20190825,332,1,11
20190825,333,1,11
20190825,334,1,11
20190825,335,1,11
20190825,336,1,11
20190825,337,1,11
20190825,338,1,11
20190825,339,1,11
20190825,340,1,11
20190825,341,1,11
20190825,342,1,11
20190825,343,1,11
20190825,344,1,11
20190825,345,1,11
20190825,346,1,11
20190825,347,1,11
20190825,348,1,11
20190825,349,1,11
20190825,350,1,11
20190825,351,1,11
20190825,352,1,11
20190825,353,1,11
20190825,354,1,11
20190825,355,1,11
20190825,356,1,11
20190825,357,1,11
20190825,358,1,11
20190825,359,1,11
20190825,360,1,11
20190825,361,1,11
20190825,362,1,11
20190826,60,1,1
20190826,61,1,1
20190826,62,1,1
20190826,63,1,1
20190826,64,1,1
20190826,65,1,1
20190826,66,1,1
20190826,67,1,1
20190826,68,1,1
20190826,69,1,1
20190826,70,1,1
20190826,71,1,1
20190826,72,1,1
20190826,73,1,1
20190826,74,1,1
20190826,75,1,1
20190826,76,1,1
20190826,77,1,1
20190826,78,1,1
20190826,79,1,1
20190826,80,1,1
20190826,81,1,1
20190826,82,1,1
20190826,83,1,1
20190826,84,1,1
20190826,85,1,1
20190826,86,1,1
20190826,87,2,1
20190826,88,2,1
20190826,89,2,1
20190826,90,2,1
20190826,91,2,1
20190826,92,2,1
20190826,93,2,1
20190826,94,2,1
20190826,95,2,1
20190826,96,2,1
20190826,97,2,1
20190826,98,2,1
20190826,99,2,1
20190826,100,2,1
20190826,101,2,1
20190826,102,2,1
20190826,103,2,1
20190826,104,2,1
20190826,105,2,1
20190826,106,2,1
20190826,107,2,1
20190826,108,2,1
20190826,109,1,1
20190826,110,1,1
20190826,111,1,1
20190826,112,1,1
20190826,113,1,1
20190826,114,1,1
20190826,115,1,1
20190826,116,1,1
20190826,117,1,1
20190826,118,1,1
20190826,119,1,1
20190826,120,1,1
20190826,121,1,1
20190826,122,1,1
20190826,123,1,1
20190826,124,1,1
20190826,125,1,1
20190826,126,1,1
20190826,127,1,1
20190826,128,1,1
20190826,129,1,1
20190826,130,1,1
20190826,131,1,1
20190826,132,1,1
20190826,133,1,1
20190826,134,2,1
20190826,135,2,1
20190826,136,2,1
20190826,137,2,1
20190826,138,2,1
20190826,139,2,1
20190826,140,2,1
20190826,141,2,1
20190826,142,2,1
20190826,143,2,1
20190826,144,2,1
20190826,145,2,1
20190826,146,2,1
20190826,147,2,1
20190826,148,2,1
20190826,149,2,1
20190826,150,2,1
20190826,151,2,1
20190826,152,2,1
20190826,153,2,1
20190826,154,2,1
20190826,155,2,1
20190826,156,2,1
20190826,157,2,1
20190826,158,2,1
20190826,159,2,1
20190826,160,2,1
20190826,161,2,1
20190826,162,1,1
20190826,163,1,1
20190826,164,1,1
20190826,165,1,1
20190826,166,1,1
20190826,167,1,1
20190826,168,1,1
20190826,169,1,1
20190826,170,1,1
20190826,171,1,1
20190826,172,1,1
20190826,173,2,1
20190826,174,2,1
20190826,175,2,1
20190826,176,2,1
20190826,177,2,1
20190826,178,2,1
20190826,179,2,1
20190826,180,2,1
20190826,181,2,1
20190826,182,2,1
20190826,183,1,1
20190826,184,1,1
20190826,185,1,1
20190826,186,1,1
20190826,187,1,1
20190826,188,1,1
20190826,189,1,1
20190826,190,1,1
20190826,191,1,1
20190826,192,1,1
20190826,193,1,1
20190826,194,1,1
20190826,195,1,1
20190826,196,1,1
20190826,197,1,1
20190826,198,1,1
20190826,199,1,1
20190826,200,1,1
20190826,201,1,1
20190826,202,1,1
20190826,203,1,1
20190826,204,1,1
20190826,205,1,1
20190826,206,1,1
20190826,207,1,1
20190826,208,1,1
20190826,209,1,1
20190826,210,1,1
20190826,211,1,1
20190826,212,1,1
20190826,213,1,1
20190826,214,1,1
20190826,215,1,1
20190826,216,1,1
20190826,217,1,1
20190826,218,1,1
20190826,219,1,1
20190826,220,1,1
20190826,221,1,1
20190826,222,1,1
20190826,223,1,1
20190826,224,1,1
20190826,225,1,1
20190826,226,1,1
20190826,227,1,1
20190826,228,1,1
20190826,229,1,1
20190826,230,1,1
20190826,231,1,1
20190826,232,1,1
20190826,233,1,1
20190826,234,1,1
20190826,235,1,1
20190826,236,1,1
20190826,237,1,1
20190826,238,1,1
20190826,239,1,1
20190826,240,1,1
20190826,241,1,1
20190826,242,1,1
20190826,243,1,1
20190826,244,1,1
20190826,245,1,1
20190826,246,2,1
20190826,247,2,1
20190826,248,2,1
20190826,249,2,1
20190826,250,2,1
20190826,251,2,1
20190826,252,2,1
20190826,253,2,1
20190826,254,2,1
20190826,255,2,1
20190826,256,1,1
20190826,257,1,1
20190826,258,1,1
20190826,259,1,1
20190826,260,1,1
20190826,261,1,1
20190826,262,1,1
20190826,263,1,1
20190826,264,1,1
20190826,265,1,1
20190826,266,1,1
20190826,267,1,1
20190826,268,1,1
20190826,269,2,1
20190826,270,2,1
20190826,271,2,1
20190826,272,2,1
20190826,273,2,1
20190826,274,2,1
20190826,275,2,1
20190826,276,2,1
20190826,277,2,1
20190826,278,2,1
20190826,279,1,1
20190826,280,1,1
20190826,281,1,1
20190826,282,1,1
20190826,283,1,1
20190826,284,1,1
20190826,285,1,1
20190826,286,1,1
20190826,287,1,1
20190826,288,1,1
20190826,289,1,1
20190826,290,2,1
20190826,291,2,1
20190826,292,2,1
20190826,293,2,1
20190826,294,2,1
20190826,295,2,1
20190826,296,2,1
20190826,297,2,1
20190826,298,2,1
20190826,299,2,1
20190826,300,2,1
20190826,301,2,1
20190826,302,2,1
20190826,303,2,1
20190826,304,2,1
20190826,305,2,1
20190826,306,2,1
20190826,307,2,1
20190826,308,2,1
20190826,309,2,1
20190826,310,2,1
20190826,311,2,1
20190826,312,1,1
20190826,313,1,1
20190826,314,1,1
20190826,315,1,1
20190826,316,1,1
20190826,317,1,1
20190826,318,1,1
20190826,319,1,1
20190826,320,1,1
20190826,321,1,1
20190826,322,1,1
20190826,323,1,1
20190826,324,1,1
20190826,325,1,1
20190826,326,1,1
20190826,327,1,1
20190826,328,1,1
20190826,329,1,1
20190826,330,1,1
20190826,331,1,1
20190826,332,1,1
20190826,333,1,1
20190826,334,1,1
20190826,335,1,1
20190826,336,1,1
20190826,337,1,1
20190826,338,1,1
20190826,339,1,1
20190826,340,1,1
20190826,341,1,1
20190826,342,1,1
20190826,343,1,1
20190826,344,1,1
20190826,345,1,1
20190826,346,1,1
20190826,347,1,1
20190826,348,1,1
20190826,349,1,1
20190826,350,1,1
20190826,351,1,1
20190826,352,1,1
20190826,353,1,1
20190826,354,1,1
20190826,355,1,1
20190826,356,1,1
20190826,357,1,1
20190827,21,1,0
20190827,22,1,0
20190827,23,1,0
20190827,24,1,0
20190827,25,1,0
20190827,26,1,0
20190827,27,1,0
20190827,28,1,0
20190827,29,1,0
20190827,30,1,0
20190827,31,1,0
20190827,32,1,0
20190827,33,1,0
20190827,34,1,0
20190827,35,1,0
20190827,36,1,0
20190827,37,1,0
20190827,38,1,0
20190827,39,1,0
20190827,40,1,0
20190827,41,1,0
20190827,42,1,0
20190827,43,1,0
20190827,44,1,0
20190827,45,1,0
20190827,46,1,0
20190827,47,1,0
20190827,48,1,0
20190827,49,1,0
20190827,50,1,0
20190827,51,1,0
20190827,52,1,0
20190827,53,1,0
20190827,54,1,0
20190827,55,1,0
20190827,56,1,0
20190827,57,1,0
20190827,58,1,0
20190827,59,1,0
20190827,60,1,0
20190827,61,1,0
20190827,62,1,0
20190827,63,1,0
20190827,64,1,0
20190827,65,1,0
20190827,66,1,0
20190827,67,1,0
20190827,68,1,0
20190827,69,1,0
20190827,70,1,0
20190827,71,1,0
20190827,72,1,0
20190827,73,1,0
20190827,74,1,0
20190827,75,1,0
20190827,76,1,0
20190827,77,1,0
20190827,78,2,0
20190827,79,2,0
20190827,80,2,0
20190827,81,2,0
20190827,82,2,0
20190827,83,2,0
20190827,84,2,0
20190827,85,2,0
20190827,86,2,0
20190827,87,2,0
20190827,88,2,0
20190827,89,2,0
20190827,90,2,0
20190827,91,2,0
20190827,92,2,0
20190827,93,2,0
20190827,94,2,0
20190827,95,2,0
20190827,96,2,0
20190827,97,2,0
20190827,98,2,0
20190827,99,2,0
20190827,100,2,0
20190827,101,2,0
20190827,102,2,0
20190827,103,2,0
20190827,104,2,0
20190827,105,2,0
20190827,106,2,0
20190827,107,2,0
20190827,108,2,0
20190827,109,2,0
20190827,110,2,0
20190827,111,2,0
20190827,112,2,0
20190827,113,1,0
20190827,114,1,0
20190827,115,1,0
20190827,116,1,0
20190827,117,1,0
20190827,118,1,0
20190827,119,1,0
20190827,120,1,0
20190827,121,1,0
20190827,122,1,0
20190827,123,1,0
20190827,124,1,0
20190827,125,1,0
20190827,126,1,0
20190827,127,1,0
20190827,128,1,0
20190827,129,1,0
20190827,130,1,0
20190827,131,1,0
20190827,132,1,0
20190827,133,1,0
20190827,134,1,0
20190827,135,1,0
20190827,136,1,0
20190827,137,1,0
20190827,138,2,0
20190827,139,2,0
20190827,140,2,0
20190827,141,2,0
20190827,142,2,0
20190827,143,2,0
20190827,144,2,0
20190827,145,2,0
20190827,146,2,0
20190827,147,2,0
20190827,148,2,0
20190827,149,2,0
20190827,150,2,0
20190827,151,2,0
20190827,152,2,0
20190827,153,2,0
20190827,154,2,0
20190827,155,2,0
20190827,156,2,0
20190827,157,2,0
20190827,158,2,0
20190827,159,1,0
20190827,160,1,0
20190827,161,1,0
20190827,162,1,0
20190827,163,1,0
20190827,164,1,0
20190827,165,1,0
20190827,166,1,0
20190827,167,1,0
20190827,168,1,0
20190827,169,1,0
20190827,170,1,0
20190827,171,1,0
20190827,172,1,0
20190827,173,1,0
20190827,174,1,0
20190827,175,1,0
20190827,176,1,0
20190827,177,1,0
20190827,178,1,0
20190827,179,2,0
20190827,180,2,0
20190827,181,2,0
20190827,182,2,0
20190827,183,2,0
20190827,184,2,0
20190827,185,2,0
20190827,186,2,0
20190827,187,2,0
20190827,188,2,0
20190827,189,2,0
20190827,190,2,0
20190827,191,2,0
20190827,192,2,0
20190827,193,2,0
20190827,194,1,0
20190827,195,1,0
20190827,196,1,0
20190827,197,1,0
20190827,198,1,0
20190827,199,1,0
20190827,200,1,0
20190827,201,1,0
20190827,202,1,0
20190827,203,1,0
20190827,204,2,0
20190827,205,2,0
20190827,206,2,0
20190827,207,2,0
20190827,208,2,0
20190827,209,2,0
20190827,210,2,0
20190827,211,2,0
20190827,212,2,0
20190827,213,2,0
20190827,214,2,0
20190827,215,2,0
20190827,216,2,0
20190827,217,2,0
20190827,218,2,0
20190827,219,2,0
20190827,220,2,0
20190827,221,2,0
20190827,222,1,0
20190827,223,1,0
20190827,224,1,0
20190827,225,1,0
20190827,226,1,0
20190827,227,1,0
20190827,228,1,0
20190827,229,1,0
20190827,230,1,0
20190827,231,1,0
20190827,232,2,0
20190827,233,2,0
20190827,234,2,0
20190827,235,2,0
20190827,236,2,0
20190827,237,2,0
20190827,238,2,0
20190827,239,2,0
20190827,240,2,0
20190827,241,2,0
20190827,242,2,0
20190827,243,2,0
20190827,244,2,0
20190827,245,2,0
20190827,246,2,0
20190827,247,2,0
20190827,248,2,0
20190827,249,2,0
20190827,250,2,0
20190827,251,2,0
20190827,252,2,0
20190827,253,2,0
20190827,254,2,0
20190827,255,1,0
20190827,256,1,0
20190827,257,1,0
20190827,258,1,0
20190827,259,1,0
20190827,260,1,0
20190827,261,1,0
20190827,262,1,0
20190827,263,1,0
20190827,264,1,0
20190827,265,1,0
20190827,266,1,0
20190827,267,1,0
20190827,268,1,0
20190827,269,1,0
20190827,270,1,0
20190827,271,1,0
20190827,272,1,0
20190827,273,1,0
20190827,274,1,0
20190827,275,1,0
20190827,276,1,0
20190827,277,1,0
20190827,278,1,0
20190827,279,1,0
20190827,280,1,0
20190827,281,1,0
20190827,282,1,0
20190827,283,1,0
20190827,284,1,0
20190827,285,1,0
20190827,286,1,0
20190827,287,1,0
20190827,288,1,0
20190827,289,1,0
20190827,290,1,0
20190827,291,1,0
20190827,292,1,0
20190827,293,1,0
20190827,294,1,0
20190827,295,1,0
20190827,296,1,0
20190827,297,1,0
20190827,298,2,0
20190827,299,2,0
20190827,300,2,0
20190827,301,2,0
20190827,302,2,0
20190827,303,2,0
20190827,304,2,0
20190827,305,2,0
20190827,306,2,0
20190827,307,2,0
20190827,308,2,0
20190827,309,2,0
20190827,310,2,0
20190827,311,2,0
20190827,312,2,0
20190827,313,2,0
20190827,314,1,0
20190827,315,1,0
20190827,316,1,0
20190827,317,1,0
20190827,318,1,0
20190827,319,1,0
20190827,320,1,0
20190827,321,1,0
20190827,322,1,0
20190827,323,1,0
20190827,324,1,0
20190827,325,1,0
20190827,326,1,0
20190827,327,1,0
20190827,328,1,0
20190827,329,1,0
20190827,330,1,0
20190827,331,1,0
20190827,332,1,0
20190827,333,1,0
20190827,334,1,0
20190827,335,1,0
20190827,336,1,0
20190827,337,1,0
20190827,338,1,0
20190827,339,1,0
20190827,340,1,0
20190827,341,1,0
20190827,342,1,0
20190827,343,1,0
20190827,344,1,0
20190827,345,1,0
20190827,346,1,0
20190827,347,1,0
20190827,348,1,0
20190827,349,1,0
20190827,350,2,0
20190827,351,2,0
20190827,352,2,0
20190827,353,2,0
20190827,354,2,0
20190827,355,2,0
20190827,356,2,0
20190827,357,2,0
20190827,358,2,0
20190827,359,2,0
20190827,360,1,0
20190827,361,1,0
20190827,362,1,0
20190827,363,1,0
20190827,364,1,0
20190827,365,1,0
20190827,366,1,0
20190827,367,1,0
20190827,368,1,0
20190827,369,1,0
20190827,370,1,0
20190828,143,1,2
20190828,144,1,2
20190828,145,1,2
20190828,146,1,2
20190828,147,1,2
20190828,148,1,2
20190828,149,1,2
20190828,150,1,2
20190828,151,1,2
20190828,152,1,2
20190828,153,2,2
20190828,154,2,2
20190828,155,2,2
20190828,156,2,2
20190828,157,2,2
20190828,158,2,2
20190828,159,2,2
20190828,160,2,2
20190828,161,2,2
20190828,162,2,2
20190828,163,2,2
20190828,164,2,2
20190828,165,2,2
20190828,166,2,2
20190828,167,2,2
20190828,168,2,2
20190828,169,2,2
20190828,170,2,2
20190828,171,2,2
20190828,172,2,2
20190828,173,2,2
20190828,174,2,2
20190828,175,2,2
20190828,176,2,2
20190828,177,2,2
20190828,178,2,2
20190828,179,2,2
20190828,180,2,2
20190828,181,2,2
20190828,182,2,2
20190828,183,2,2
20190828,184,2,2
20190828,185,2,2
20190828,186,2,2
20190828,187,2,2
20190828,188,1,2
20190828,189,1,2
20190828,190,1,2
20190828,191,1,2
20190828,192,1,2
20190828,193,1,2
20190828,194,1,2
20190828,195,1,2
20190828,196,1,2
20190828,197,1,2
20190828,198,1,2
20190828,199,2,2
20190828,200,2,2
20190828,201,2,2
20190828,202,2,2
20190828,203,2,2
20190828,204,2,2
20190828,205,2,2
20190828,206,2,2
20190828,207,2,2
20190828,208,2,2
20190828,209,1,2
20190828,210,1,2
20190828,211,1,2
20190828,212,1,2
20190828,213,1,2
20190828,214,1,2
20190828,215,1,2
20190828,216,1,2
20190828,217,1,2
20190828,218,1,2
20190828,219,1,2
20190828,220,1,2
20190828,221,1,2
20190828,222,1,2
20190828,223,1,2
20190828,224,1,2
20190828,225,1,2
20190828,226,1,2
20190828,227,1,2
20190828,228,1,2
20190828,229,1,2
20190828,230,1,2
20190828,231,1,2
20190828,232,1,2
20190828,233,2,2
20190828,234,2,2
20190828,235,2,2
20190828,236,2,2
20190828,237,2,2
20190828,238,2,2
20190828,239,2,2
20190828,240,2,2
20190828,241,2,2
20190828,242,2,2
20190828,243,2,2
20190828,244,2,2
20190828,245,2,2
20190828,246,2,2
20190828,247,2,2
20190828,248,2,2
20190828,249,2,2
20190828,250,2,2
20190828,251,2,2
20190828,252,2,2
20190828,253,2,2
20190828,254,2,2
20190828,255,2,2
20190828,256,2,2
20190828,257,2,2
20190828,258,2,2
20190828,259,2,2
20190828,260,2,2
20190828,261,2,2
20190828,262,2,2
20190828,263,1,2
20190828,264,1,2
20190828,265,1,2
20190828,266,1,2
20190828,267,1,2
20190828,268,1,2
20190828,269,1,2
20190828,270,1,2
20190828,271,1,2
20190828,272,1,2
20190828,273,2,2
20190828,274,2,2
20190828,275,2,2
20190828,276,2,2
20190828,277,2,2
20190828,278,2,2
20190828,279,2,2
20190828,280,2,2
20190828,281,2,2
20190828,282,2,2
20190828,283,1,2
20190828,284,1,2
20190828,285,1,2
20190828,286,1,2
20190828,287,1,2
20190828,288,1,2
20190828,289,1,2
20190828,290,1,2
20190828,291,1,2
20190828,292,1,2
20190828,293,1,2
20190828,294,1,2
20190828,295,1,2
20190828,296,1,2
20190828,297,1,2
20190828,298,1,2
20190828,299,1,2
20190828,300,1,2
20190828,301,1,2
20190828,302,1,2
20190828,303,1,2
20190828,304,1,2
20190828,305,1,2
20190828,306,1,2
20190828,307,1,2
20190828,308,1,2
20190828,309,1,2
20190828,310,1,2
20190828,311,1,2
20190828,312,1,2
20190828,313,1,2
20190828,314,1,2
20190828,315,1,2
20190828,316,1,2
20190828,317,1,2
20190828,318,1,2
20190828,319,1,2
20190828,320,1,2
20190828,321,1,2
20190828,322,1,2
20190828,323,1,2
20190828,324,1,2
20190828,325,1,2
20190828,326,1,2
20190828,327,1,2
20190828,328,1,2
20190828,329,1,2
20190828,330,1,2
20190828,331,1,2
20190828,332,1,2
20190828,333,1,2
20190828,334,1,2
20190828,335,1,2
20190828,336,1,2
20190828,337,1,2
20190828,338,1,2
20190828,339,1,2
20190828,340,1,2
20190828,341,1,2
20190828,342,1,2
20190828,343,2,2
20190828,344,2,2
20190828,345,2,2
20190828,346,2,2
20190828,347,2,2
20190828,348,2,2
20190828,349,2,2
20190828,350,2,2
20190828,351,2,2
20190828,352,2,2
20190828,353,1,2
20190828,354,1,2
20190828,355,1,2
20190828,356,1,2
20190828,357,1,2
20190828,358,1,2
20190828,359,1,2
20190828,360,1,2
20190828,361,1,2
20190828,362,1,2
20190828,363,1,2
20190828,364,2,2
20190828,365,2,2
20190828,366,2,2
20190828,367,2,2
20190828,368,2,2
20190828,369,2,2
20190828,370,2,2
20190828,371,2,2
20190828,372,2,2
20190828,373,2,2
20190828,374,2,2
20190828,375,2,2
20190828,376,2,2
20190828,377,1,2
20190828,378,1,2
20190828,379,1,2
20190828,380,1,2
20190828,381,1,2
20190828,382,1,2
20190828,383,1,2
20190828,384,1,2
20190828,385,1,2
20190828,386,1,2
20190828,387,1,2
20190828,388,1,2
20190828,389,1,2
20190828,390,1,2
20190828,391,1,2
20190828,392,1,2
20190828,393,1,2
20190828,394,1,2
20190828,395,1,2
20190828,396,1,2
20190828,397,1,2
20190828,398,1,2
20190828,399,1,2
20190828,400,1,2
20190828,401,1,2
20190828,402,1,2
20190828,403,1,2
20190828,404,1,2
20190828,405,1,2
20190828,406,1,2
20190828,407,1,2
20190828,408,1,2
20190828,409,1,2
20190828,410,1,2
20190828,411,1,2
20190828,412,1,2
20190828,413,1,2
20190828,414,1,2
20190828,415,1,2
20190828,416,1,2
20190828,417,1,2
20190828,418,2,2
20190828,419,2,2
20190828,420,2,2
20190828,421,2,2
20190828,422,2,2
20190828,423,2,2
20190828,424,2,2
20190828,425,2,2
20190828,426,2,2
20190828,427,2,2
20190828,428,2,2
20190828,429,2,2
20190828,430,2,2
20190828,431,2,2
20190828,432,2,2
20190828,433,1,2
20190828,434,1,2
20190828,435,1,2
20190828,436,1,2
20190828,437,1,2
20190828,438,1,2
20190828,439,1,2
20190828,440,1,2
20190828,441,1,2
20190828,442,1,2
20190828,443,1,2
20190828,444,1,2
20190828,445,1,2
20190828,446,1,2
20190828,447,1,2
20190828,448,1,2
20190828,449,1,2
20190828,450,1,2
20190828,451,1,2
20190828,452,1,2
20190828,453,1,2
20190828,454,1,2
20190828,455,1,2
20190828,456,1,2
20190828,457,1,2
20190828,458,1,2
20190828,459,1,2
20190828,460,1,2
20190828,461,1,2
20190828,462,1,2
20190828,463,1,2
20190828,464,1,2
20190828,465,1,2
20190828,466,1,2
20190828,467,1,2
20190828,468,1,2
20190828,469,1,2
20190828,470,1,2
20190828,471,1,2
20190828,472,1,2
20190828,473,1,2
20190828,474,1,2
20190828,475,1,2
20190828,476,1,2
20190828,477,1,2
20190828,478,2,2
20190828,479,2,2
20190828,480,2,2
20190828,481,2,2
20190828,482,2,2
20190828,483,2,2
20190828,484,2,2
20190828,485,2,2
20190828,486,2,2
20190828,487,2,2
20190828,488,2,2
20190828,489,2,2
20190828,490,2,2
20190828,491,2,2
20190828,492,2,2
20190828,493,2,2
20190828,494,2,2
20190828,495,1,2
20190828,496,1,2
20190828,497,1,2
20190828,498,1,2
20190828,499,1,2
20190828,500,1,2
20190828,501,1,2
20190828,502,1,2
20190828,503,1,2
20190828,504,1,2
20190828,505,2,2
20190828,506,2,2
20190828,507,2,2
20190828,508,2,2
20190828,509,2,2
20190828,510,2,2
20190828,511,2,2
20190828,512,2,2
20190828,513,2,2
20190828,514,2,2
20190828,515,2,2
20190828,516,2,2
20190828,517,2,2
20190828,518,2,2
20190828,519,2,2
20190828,520,2,2
20190828,521,2,2
20190828,522,2,2
20190828,523,2,2
20190828,524,2,2
20190828,525,2,2
20190828,526,2,2
20190828,527,2,2
20190828,528,2,2
20190828,529,2,2
20190828,530,1,2
20190828,531,1,2
20190828,532,1,2
20190828,533,1,2
20190828,534,1,2
20190828,535,1,2
20190828,536,1,2
20190828,537,1,2
20190828,538,1,2
20190828,539,1,2
20190828,540,1,2
20190828,541,1,2
20190828,542,1,2
20190828,543,1,2
20190828,544,1,2
20190828,545,1,2
20190828,546,1,2
20190828,547,1,2
20190828,548,1,2
20190828,549,1,2
20190829,80,1,1
20190829,81,1,1
20190829,82,1,1
20190829,83,1,1
20190829,84,1,1
20190829,85,1,1
20190829,86,1,1
20190829,87,1,1
20190829,88,1,1
20190829,89,1,1
20190829,90,2,1
20190829,91,2,1
20190829,92,2,1
20190829,93,2,1
20190829,94,2,1
20190829,95,2,1
20190829,96,2,1
20190829,97,2,1
20190829,98,2,1
20190829,99,2,1
20190829,100,2,1
20190829,101,2,1
20190829,102,2,1
20190829,103,2,1
20190829,104,2,1
20190829,105,2,1
20190829,106,2,1
20190829,107,2,1
20190829,108,2,1
20190829,109,2,1
20190829,110,2,1
20190829,111,2,1
20190829,112,2,1
20190829,113,2,1
20190829,114,2,1
20190829,115,2,1
20190829,116,2,1
20190829,117,2,1
20190829,118,2,1
20190829,119,2,1
20190829,120,2,1
20190829,121,2,1
20190829,122,2,1
20190829,123,2,1
20190829,124,2,1
20190829,125,2,1
20190829,126,2,1
20190829,127,2,1
20190829,128,2,1
20190829,129,2,1
20190829,130,1,1
20190829,131,1,1
20190829,132,1,1
20190829,133,1,1
20190829,134,1,1
20190829,135,1,1
20190829,136,1,1
20190829,137,1,1
20190829,138,1,1
20190829,139,1,1
20190829,140,1,1
20190829,141,1,1
20190829,142,1,1
20190829,143,1,1
20190829,144,1,1
20190829,145,1,1
20190829,146,1,1
20190829,147,1,1
20190829,148,1,1
20190829,149,1,1
20190829,150,1,1
20190829,151,1,1
20190829,152,1,1
20190829,153,1,1
20190829,154,1,1
20190829,155,1,1
20190829,156,1,1
20190829,157,1,1
20190829,158,1,1
20190829,159,1,1
20190829,160,1,1
20190829,161,1,1
20190829,162,1,1
20190829,163,1,1
20190829,164,1,1
20190829,165,1,1
20190829,166,1,1
20190829,167,1,1
20190829,168,1,1
20190829,169,2,1
20190829,170,2,1
20190829,171,2,1
20190829,172,2,1
20190829,173,2,1
20190829,174,2,1
20190829,175,2,1
20190829,176,2,1
20190829,177,2,1
20190829,178,2,1
20190829,179,2,1
20190829,180,2,1
20190829,181,2,1
20190829,182,2,1
20190829,183,2,1
20190829,184,2,1
20190829,185,2,1
20190829,186,2,1
20190829,187,2,1
20190829,188,2,1
20190829,189,2,1
20190829,190,2,1
20190829,191,2,1
20190829,192,2,1
20190829,193,2,1
20190829,194,1,1
20190829,195,1,1
20190829,196,1,1
20190829,197,1,1
20190829,198,1,1
20190829,199,1,1
20190829,200,1,1
20190829,201,1,1
20190829,202,1,1
20190829,203,1,1
20190829,204,1,1
20190829,205,2,1
20190829,206,2,1
20190829,207,2,1
20190829,208,2,1
20190829,209,2,1
20190829,210,2,1
20190829,211,2,1
20190829,212,2,1
20190829,213,2,1
20190829,214,2,1
20190829,215,2,1
20190829,216,2,1
20190829,217,2,1
20190829,218,2,1
20190829,219,2,1
20190829,220,2,1
20190829,221,2,1
20190829,222,2,1
20190829,223,2,1
20190829,224,2,1
20190829,225,2,1
20190829,226,1,1
20190829,227,1,1
20190829,228,1,1
20190829,229,1,1
20190829,230,1,1
20190829,231,1,1
20190829,232,1,1
20190829,233,1,1
20190829,234,1,1
20190829,235,1,1
20190829,236,2,1
20190829,237,2,1
20190829,238,2,1
20190829,239,2,1
20190829,240,2,1
20190829,241,2,1
20190829,242,2,1
20190829,243,2,1
20190829,244,2,1
20190829,245,2,1
20190829,246,2,1
20190829,247,2,1
20190829,248,2,1
20190829,249,2,1
20190829,250,2,1
20190829,251,2,1
20190829,252,2,1
20190829,253,1,1
20190829,254,1,1
20190829,255,1,1
20190829,256,1,1
20190829,257,1,1
20190829,258,1,1
20190829,259,1,1
20190829,260,1,1
20190829,261,1,1
20190829,262,1,1
20190829,263,1,1
20190829,264,2,1
20190829,265,2,1
20190829,266,2,1
20190829,267,2,1
20190829,268,2,1
20190829,269,2,1
20190829,270,2,1
20190829,271,2,1
20190829,272,2,1
20190829,273,2,1
20190829,274,1,1
20190829,275,1,1
20190829,276,1,1
20190829,277,1,1
20190829,278,1,1
20190829,279,1,1
20190829,280,1,1
20190829,281,1,1
20190829,282,1,1
20190829,283,1,1
20190829,284,2,1
20190829,285,2,1
20190829,286,2,1
20190829,287,2,1
20190829,288,2,1
20190829,289,2,1
20190829,290,2,1
20190829,291,2,1
20190829,292,2,1
20190829,293,2,1
20190829,294,2,1
20190829,295,2,1
20190829,296,2,1
20190829,297,2,1
20190829,298,2,1
20190829,299,2,1
20190829,300,2,1
20190829,301,2,1
20190829,302,2,1
20190829,303,2,1
20190829,304,2,1
20190829,305,1,1
20190829,306,1,1
20190829,307,1,1
20190829,308,1,1
20190829,309,1,1
20190829,310,1,1
20190829,311,1,1
20190829,312,1,1
20190829,313,1,1
20190829,314,1,1
20190829,315,1,1
20190829,316,1,1
20190829,317,1,1
20190829,318,1,1
20190829,319,1,1
20190829,320,1,1
20190829,321,1,1
20190829,322,1,1
20190829,323,1,1
20190829,324,1,1
20190829,325,1,1
20190829,326,1,1
20190829,327,1,1
20190829,328,1,1
20190829,329,1,1
20190829,330,1,1
20190829,331,1,1
20190829,332,1,1
20190829,333,1,1
20190829,334,1,1
20190829,335,1,1
20190829,336,1,1
20190829,337,1,1
20190829,338,1,1
20190829,339,1,1
20190829,340,1,1
20190829,341,1,1
20190829,342,1,1
20190829,343,1,1
20190829,344,1,1
20190829,345,1,1
20190829,346,1,1
20190829,347,1,1
20190829,348,1,1
20190829,349,1,1
20190829,350,1,1
20190829,351,1,1
20190829,352,1,1
20190829,353,1,1
20190829,354,1,1
20190829,355,1,1
20190829,356,1,1
20190829,357,1,1
20190830,44,1,0
20190830,45,1,0
20190830,46,1,0
20190830,47,1,0
20190830,48,1,0
20190830,49,1,0
20190830,50,1,0
20190830,51,1,0
20190830,52,1,0
20190830,53,1,0
20190830,54,2,0
20190830,55,2,0
20190830,56,2,0
20190830,57,2,0
20190830,58,2,0
20190830,59,2,0
20190830,60,2,0
20190830,61,2,0
20190830,62,2,0
20190830,63,2,0
20190830,64,2,0
20190830,65,2,0
20190830,66,2,0
20190830,67,2,0
20190830,68,2,0
20190830,69,2,0
20190830,70,2,0
20190830,71,2,0
20190830,72,2,0
20190830,73,2,0
20190830,74,2,0
20190830,75,2,0
20190830,76,2,0
20190830,77,2,0
20190830,78,2,0
20190830,79,2,0
20190830,80,2,0
20190830,81,2,0
20190830,82,2,0
20190830,83,1,0
20190830,84,1,0
20190830,85,1,0
20190830,86,1,0
20190830,87,1,0
20190830,88,1,0
20190830,89,1,0
20190830,90,1,0
20190830,91,1,0
20190830,92,1,0
20190830,93,1,0
20190830,94,1,0
20190830,95,1,0
20190830,96,2,0
20190830,97,2,0
20190830,98,2,0
20190830,99,2,0
20190830,100,2,0
20190830,101,2,0
20190830,102,2,0
20190830,103,2,0
20190830,104,2,0
20190830,105,2,0
20190830,106,2,0
20190830,107,2,0
20190830,108,2,0
20190830,109,2,0
20190830,110,2,0
20190830,111,2,0
20190830,112,2,0
20190830,113,1,0
20190830,114,1,0
20190830,115,1,0
20190830,116,1,0
20190830,117,1,0
20190830,118,1,0
20190830,119,1,0
20190830,120,1,0
20190830,121,1,0
20190830,122,1,0
20190830,123,1,0
20190830,124,1,0
20190830,125,1,0
20190830,126,1,0
20190830,127,1,0
20190830,128,1,0
20190830,129,1,0
20190830,130,1,0
20190830,131,1,0
20190830,132,1,0
20190830,133,1,0
20190830,134,1,0
20190830,135,1,0
20190830,136,1,0
20190830,137,1,0
20190830,138,1,0
20190830,139,1,0
20190830,140,1,0
20190830,141,1,0
20190830,142,1,0
20190830,143,2,0
20190830,144,2,0
20190830,145,2,0
20190830,146,2,0
20190830,147,2,0
20190830,148,2,0
20190830,149,2,0
20190830,150,2,0
20190830,151,2,0
20190830,152,2,0
20190830,153,2,0
20190830,154,2,0
20190830,155,2,0
20190830,156,2,0
20190830,157,2,0
20190830,158,2,0
20190830,159,2,0
20190830,160,2,0
20190830,161,2,0
20190830,162,2,0
20190830,163,2,0
20190830,164,2,0
20190830,165,2,0
20190830,166,2,0
20190830,167,2,0
20190830,168,2,0
20190830,169,2,0
20190830,170,2,0
20190830,171,2,0
20190830,172,2,0
20190830,173,2,0
20190830,174,2,0
20190830,175,1,0
20190830,176,1,0
20190830,177,1,0
20190830,178,1,0
20190830,179,1,0
20190830,180,1,0
20190830,181,1,0
20190830,182,1,0
20190830,183,1,0
20190830,184,1,0
20190830,185,1,0
20190830,186,1,0
20190830,187,1,0
20190830,188,1,0
20190830,189,1,0
20190830,190,1,0
20190830,191,1,0
20190830,192,1,0
20190830,193,1,0
20190830,194,1,0
20190830,195,1,0
20190830,196,1,0
20190830,197,1,0
20190830,198,1,0
20190830,199,1,0
20190830,200,1,0
20190830,201,1,0
20190830,202,1,0
20190830,203,1,0
20190830,204,1,0
20190830,205,1,0
20190830,206,1,0
20190830,207,1,0
20190830,208,1,0
20190830,209,1,0
20190830,210,1,0
20190830,211,1,0
20190830,212,1,0
20190830,213,1,0
20190830,214,1,0
20190830,215,1,0
20190830,216,1,0
20190830,217,1,0
20190830,218,1,0
20190830,219,1,0
20190830,220,1,0
20190830,221,1,0
20190830,222,1,0
20190830,223,1,0
20190830,224,1,0
20190830,225,1,0
20190830,226,1,0
20190830,227,1,0
20190830,228,1,0
20190830,229,1,0
20190830,230,1,0
20190830,231,1,0
20190830,232,1,0
20190830,233,1,0
20190830,234,1,0
20190830,235,1,0
20190830,236,1,0
20190830,237,1,0
20190830,238,1,0
20190830,239,1,0
20190830,240,1,0
20190830,241,1,0
20190830,242,1,0
20190830,243,1,0
20190830,244,1,0
20190830,245,1,0
20190830,246,1,0
20190830,247,1,0
20190830,248,1,0
20190830,249,1,0
20190830,250,2,0
20190830,251,2,0
20190830,252,2,0
20190830,253,2,0
20190830,254,2,0
20190830,255,2,0
20190830,256,2,0
20190830,257,2,0
20190830,258,2,0
20190830,259,2,0
20190830,260,2,0
20190830,261,2,0
20190830,262,2,0
20190830,263,2,0
20190830,264,2,0
20190830,265,2,0
20190830,266,2,0
20190830,267,2,0
20190830,268,2,0
20190830,269,2,0
20190830,270,2,0
20190830,271,2,0
20190830,272,2,0
20190830,273,2,0
20190830,274,2,0
20190830,275,2,0
20190830,276,2,0
20190830,277,2,0
20190830,278,2,0
20190830,279,2,0
20190830,280,2,0
20190830,281,2,0
20190830,282,2,0
20190830,283,2,0
20190830,284,2,0
20190830,285,1,0
20190830,286,1,0
20190830,287,1,0
20190830,288,1,0
20190830,289,1,0
20190830,290,1,0
20190830,291,1,0
20190830,292,1,0
20190830,293,1,0
20190830,294,1,0
20190830,295,1,0
20190830,296,1,0
20190830,297,1,0
20190830,298,1,0
20190830,299,1,0
20190830,300,1,0
20190830,301,1,0
20190830,302,1,0
20190830,303,1,0
20190830,304,1,0
20190830,305,1,0
20190830,306,1,0
20190830,307,1,0
20190830,308,1,0
20190830,309,1,0
20190830,310,1,0
20190830,311,1,0
20190830,312,1,0
20190830,313,1,0
20190830,314,1,0
20190830,315,2,0
20190830,316,2,0
20190830,317,2,0
20190830,318,2,0
20190830,319,2,0
20190830,320,2,0
20190830,321,2,0
20190830,322,2,0
20190830,323,2,0
20190830,324,2,0
20190830,325,2,0
20190830,326,2,0
20190830,327,2,0
20190830,328,2,0
20190830,329,2,0
20190830,330,1,0
20190830,331,1,0
20190830,332,1,0
20190830,333,1,0
20190830,334,1,0
20190830,335,1,0
20190830,336,1,0
20190830,337,1,0
20190830,338,1,0
20190830,339,1,0
20190830,340,1,0
20190830,341,2,0
20190830,342,2,0
20190830,343,2,0
20190830,344,2,0
20190830,345,2,0
20190830,346,2,0
20190830,347,2,0
20190830,348,2,0
20190830,349,2,0
20190830,350,2,0
20190830,351,2,0
20190830,352,2,0
20190830,353,2,0
20190830,354,1,0
20190830,355,1,0
20190830,356,1,0
20190830,357,1,0
20190830,358,1,0
20190830,359,1,0
20190830,360,1,0
20190830,361,1,0
20190830,362,1,0
20190830,363,1,0
20190830,364,1,0
20190830,365,1,0
20190830,366,1,0
20190830,367,1,0
20190830,368,1,0
20190830,369,1,0
20190830,370,1,0
20190830,371,1,0
20190830,372,1,0
20190830,373,1,0
20190830,374,1,0
20190830,375,1,0
20190830,376,1,0
20190830,377,1,0
20190830,378,1,0
20190830,379,1,0
20190830,380,1,0
20190830,381,1,0
20190830,382,1,0
20190830,383,1,0
20190830,384,1,0
20190830,385,1,0
20190830,386,1,0
20190830,387,1,0
20190830,388,1,0
20190830,389,1,0
20190830,390,1,0
20190830,391,1,0
20190830,392,1,0
20190830,393,1,0
20190830,394,1,0
20190830,395,1,0
20190830,396,1,0
20190830,397,1,0
20190830,398,1,0
20190830,399,1,0
20190830,400,1,0
20190830,401,1,0
20190830,402,1,0
20190830,403,1,0
20190830,404,1,0
20190830,405,1,0
20190830,406,1,0
20190830,407,1,0
20190830,408,1,0
20190830,409,1,0
20190830,410,1,0
20190830,411,1,0
20190830,412,1,0
20190830,413,1,0
20190830,414,1,0
20190830,415,1,0
20190902,1424,1,11
20190902,1425,1,11
20190902,1426,1,11
20190902,1427,1,11
20190902,1428,1,11
20190902,1429,1,11
20190902,1430,1,11
20190902,1431,1,11
20190902,1432,1,11
20190902,1433,1,11
20190902,1434,1,11
20190902,1435,1,11
20190902,1436,1,11
20190902,1437,1,11
20190902,1438,1,11
20190902,1439,1,11
20190902,0,1,11
20190902,1,1,11
20190902,2,2,11
20190902,3,2,11
20190902,4,2,11
20190902,5,2,11
20190902,6,2,11
20190902,7,2,11
20190902,8,2,11
20190902,9,2,11
20190902,10,2,11
20190902,11,2,11
20190902,12,2,11
20190902,13,2,11
20190902,14,2,11
20190902,15,2,11
20190902,16,2,11
20190902,17,2,11
20190902,18,2,11
20190902,19,2,11
20190902,20,2,11
20190902,21,1,11
20190902,22,1,11
20190902,23,1,11
20190902,24,1,11
20190902,25,1,11
20190902,26,1,11
20190902,27,1,11
20190902,28,1,11
20190902,29,1,11
20190902,30,1,11
20190902,31,2,11
20190902,32,2,11
20190902,33,2,11
20190902,34,2,11
20190902,35,2,11
20190902,36,2,11
20190902,37,2,11
20190902,38,2,11
20190902,39,2,11
20190902,40,2,11
20190902,41,1,11
20190902,42,1,11
20190902,43,1,11
20190902,44,1,11
20190902,45,1,11
20190902,46,1,11
20190902,47,1,11
20190902,48,1,11
20190902,49,1,11
20190902,50,1,11
20190902,51,2,11
20190902,52,2,11
20190902,53,2,11
20190902,54,2,11
20190902,55,2,11
20190902,56,2,11
20190902,57,2,11
20190902,58,2,11
20190902,59,2,11
20190902,60,2,11
20190902,61,2,11
20190902,62,2,11
20190902,63,2,11
20190902,64,2,11
20190902,65,2,11
20190902,66,2,11
20190902,67,2,11
20190902,68,2,11
20190902,69,2,11
20190902,70,2,11
20190902,71,2,11
20190902,72,2,11
20190902,73,2,11
20190902,74,2,11
20190902,75,1,11
20190902,76,1,11
20190902,77,1,11
20190902,78,1,11
20190902,79,1,11
20190902,80,1,11
20190902,81,1,11
20190902,82,1,11
20190902,83,1,11
20190902,84,1,11
20190902,85,2,11
20190902,86,2,11
20190902,87,2,11
20190902,88,2,11
20190902,89,2,11
20190902,90,2,11
20190902,91,2,11
20190902,92,2,11
20190902,93,2,11
20190902,94,2,11
20190902,95,2,11
20190902,96,2,11
20190902,97,2,11
20190902,98,1,11
20190902,99,1,11
20190902,100,1,11
20190902,101,1,11
20190902,102,1,11
20190902,103,1,11
20190902,104,1,11
20190902,105,1,11
20190902,106,1,11
20190902,107,1,11
20190902,108,2,11
20190902,109,2,11
20190902,110,2,11
20190902,111,2,11
20190902,112,2,11
20190902,113,2,11
20190902,114,2,11
20190902,115,2,11
20190902,116,2,11
20190902,117,2,11
20190902,118,2,11
20190902,119,1,11
20190902,120,1,11
20190902,121,1,11
20190902,122,1,11
20190902,123,1,11
20190902,124,1,11
20190902,125,1,11
20190902,126,1,11
20190902,127,1,11
20190902,128,1,11
20190902,129,1,11
20190902,130,1,11
20190902,131,1,11
20190902,132,1,11
20190902,133,1,11
20190902,134,1,11
20190902,135,1,11
20190902,136,1,11
20190902,137,1,11
20190902,138,1,11
20190902,139,1,11
20190902,140,1,11
20190902,141,1,11
20190902,142,1,11
20190902,143,1,11
20190902,144,1,11
20190902,145,1,11
20190902,146,1,11
20190902,147,1,11
20190902,148,1,11
20190902,149,1,11
20190902,150,2,11
20190902,151,2,11
20190902,152,2,11
20190902,153,2,11
20190902,154,2,11
20190902,155,2,11
20190902,156,2,11
20190902,157,2,11
20190902,158,2,11
20190902,159,2,11
20190902,160,2,11
20190902,161,2,11
20190902,162,2,11
20190902,163,2,11
20190902,164,2,11
20190902,165,2,11
20190902,166,2,11
20190902,167,2,11
20190902,168,1,11
20190902,169,1,11
20190902,170,1,11
20190902,171,1,11
20190902,172,1,11
20190902,173,1,11
20190902,174,1,11
20190902,175,1,11
20190902,176,1,11
20190902,177,1,11
20190902,178,1,11
20190902,179,1,11
20190902,180,1,11
20190902,181,1,11
20190902,182,1,11
20190902,183,1,11
20190902,184,1,11
20190902,185,1,11
20190902,186,1,11
20190902,187,1,11
20190902,188,1,11
20190902,189,1,11
20190902,190,1,11
20190902,191,1,11
20190902,192,1,11
20190902,193,1,11
20190902,194,1,11
20190902,195,2,11
20190902,196,2,11
20190902,197,2,11
20190902,198,2,11
20190902,199,2,11
20190902,200,2,11
20190902,201,2,11
20190902,202,2,11
20190902,203,2,11
20190902,204,2,11
20190902,205,2,11
20190902,206,2,11
20190902,207,2,11
20190902,208,2,11
20190902,209,2,11
20190902,210,2,11
20190902,211,2,11
20190902,212,2,11
20190902,213,2,11
20190902,214,2,11
20190902,215,2,11
20190902,216,2,11
20190902,217,2,11
20190902,218,2,11
20190902,219,2,11
20190902,220,2,11
20190902,221,2,11
20190902,222,2,11
20190902,223,2,11
20190902,224,2,11
20190902,225,2,11
20190902,226,2,11
20190902,227,2,11
20190902,228,2,11
20190902,229,2,11
20190902,230,2,11
20190902,231,2,11
20190902,232,2,11
20190902,233,2,11
20190902,234,2,11
20190902,235,2,11
20190902,236,2,11
20190902,237,2,11
20190902,238,1,11
20190902,239,1,11
20190902,240,1,11
20190902,241,1,11
20190902,242,1,11
20190902,243,1,11
20190902,244,1,11
20190902,245,1,11
20190902,246,1,11
20190902,247,1,11
20190902,248,1,11
20190902,249,1,11
20190902,250,1,11
20190902,251,1,11
20190902,252,1,11
20190902,253,2,11
20190902,254,2,11
20190902,255,2,11
20190902,256,2,11
20190902,257,2,11
20190902,258,2,11
20190902,259,2,11
20190902,260,2,11
20190902,261,2,11
20190902,262,2,11
20190902,263,2,11
20190902,264,2,11
20190902,265,1,11
20190902,266,1,11
20190902,267,1,11
20190902,268,1,11
20190902,269,1,11
20190902,270,1,11
20190902,271,1,11
20190902,272,1,11
20190902,273,1,11
20190902,274,1,11
20190902,275,2,11
20190902,276,2,11
20190902,277,2,11
20190902,278,2,11
20190902,279,2,11
20190902,280,2,11
20190902,281,2,11
20190902,282,2,11
20190902,283,2,11
20190902,284,2,11
20190902,285,2,11
20190902,286,2,11
20190902,287,2,11
20190902,288,2,11
20190902,289,2,11
20190902,290,2,11
20190902,291,1,11
20190902,292,1,11
20190902,293,1,11
20190902,294,1,11
20190902,295,1,11
20190902,296,1,11
20190902,297,1,11
20190902,298,1,11
20190902,299,1,11
20190902,300,1,11
20190902,301,1,11
20190902,302,1,11
20190902,303,2,11
20190902,304,2,11
20190902,305,2,11
20190902,306,2,11
20190902,307,2,11
20190902,308,2,11
20190902,309,2,11
20190902,310,2,11
20190902,311,2,11
20190902,312,2,11
20190902,313,2,11
20190902,314,2,11
20190902,315,2,11
20190902,316,1,11
20190902,317,1,11
20190902,318,1,11
20190902,319,1,11
20190902,320,1,11
20190902,321,1,11
20190902,322,1,11
20190902,323,1,11
20190902,324,1,11
20190902,325,1,11
20190902,326,1,11
20190902,327,1,11
20190902,328,1,11
20190902,329,1,11
20190902,330,1,11
20190902,331,1,11
20190902,332,1,11
20190902,333,1,11
20190902,334,1,11
20190902,335,1,11
20190902,336,1,11
20190902,337,1,11
20190902,338,1,11
20190902,339,1,11
20190902,340,1,11
20190902,341,1,11
20190902,342,2,11
20190902,343,2,11
20190902,344,2,11
20190902,345,2,11
20190902,346,2,11
20190902,347,2,11
20190902,348,2,11
20190902,349,2,11
20190902,350,2,11
20190902,351,2,11
20190902,352,2,11
20190902,353,2,11
20190902,354,2,11
20190902,355,2,11
20190902,356,2,11
20190902,357,2,11
20190902,358,2,11
20190902,359,2,11
20190902,360,2,11
20190902,361,2,11
20190902,362,2,11
20190902,363,2,11
20190902,364,2,11
20190902,365,2,11
20190902,366,1,11
20190902,367,1,11
20190902,368,1,11
20190902,369,1,11
20190902,370,1,11
20190902,371,1,11
20190902,372,1,11
20190902,373,1,11
20190902,374,1,11
20190902,375,1,11
20190902,376,1,11
20190902,377,1,11
20190902,378,1,11
20190902,379,1,11
20190902,380,1,11
20190902,381,1,11
20190902,382,1,11
20190902,383,1,11
20190902,384,1,11
20190902,385,1,11
20190902,386,1,11
20190902,387,1,11
20190902,388,1,11
20190902,389,1,11
20190902,390,1,11
20190902,391,1,11
20190902,392,1,11
20190902,393,1,11
20190903,1430,1,11
20190903,1431,1,11
20190903,1432,1,11
20190903,1433,1,11
20190903,1434,1,11
20190903,1435,1,11
20190903,1436,1,11
20190903,1437,1,11
20190903,1438,1,11
20190903,1439,1,11
20190903,0,1,11
20190903,1,1,11
20190903,2,1,11
20190903,3,1,11
20190903,4,1,11
20190903,5,1,11
20190903,6,1,11
20190903,7,1,11
20190903,8,1,11
20190903,9,2,11
20190903,10,2,11
20190903,11,2,11
20190903,12,2,11
20190903,13,2,11
20190903,14,2,11
20190903,15,2,11
20190903,16,2,11
20190903,17,2,11
20190903,18,2,11
20190903,19,2,11
20190903,20,2,11
20190903,21,2,11
20190903,22,2,11
20190903,23,2,11
20190903,24,2,11
20190903,25,2,11
20190903,26,2,11
20190903,27,2,11
20190903,28,2,11
20190903,29,1,11
20190903,30,1,11
20190903,31,1,11
20190903,32,1,11
20190903,33,1,11
20190903,34,1,11
20190903,35,1,11
20190903,36,1,11
20190903,37,1,11
20190903,38,1,11
20190903,39,2,11
20190903,40,2,11
20190903,41,2,11
20190903,42,2,11
20190903,43,2,11
20190903,44,2,11
20190903,45,2,11
20190903,46,2,11
20190903,47,2,11
20190903,48,2,11
20190903,49,2,11
20190903,50,2,11
20190903,51,2,11
20190903,52,2,11
20190903,53,2,11
20190903,54,2,11
20190903,55,2,11
20190903,56,2,11
20190903,57,2,11
20190903,58,2,11
20190903,59,2,11
20190903,60,2,11
20190903,61,2,11
20190903,62,2,11
20190903,63,2,11
20190903,64,2,11
20190903,65,2,11
20190903,66,2,11
20190903,67,2,11
20190903,68,2,11
20190903,69,2,11
20190903,70,2,11
20190903,71,2,11
20190903,72,2,11
20190903,73,2,11
20190903,74,2,11
20190903,75,2,11
20190903,76,2,11
20190903,77,2,11
20190903,78,2,11
20190903,79,2,11
20190903,80,2,11
20190903,81,2,11
20190903,82,2,11
20190903,83,2,11
20190903,84,2,11
20190903,85,1,11
20190903,86,1,11
20190903,87,1,11
20190903,88,1,11
20190903,89,1,11
20190903,90,1,11
20190903,91,1,11
20190903,92,1,11
20190903,93,1,11
20190903,94,1,11
20190903,95,1,11
20190903,96,1,11
20190903,97,1,11
20190903,98,1,11
20190903,99,1,11
20190903,100,1,11
20190903,101,1,11
20190903,102,1,11
20190903,103,1,11
20190903,104,1,11
20190903,105,1,11
20190903,106,1,11
20190903,107,1,11
20190903,108,1,11
20190903,109,1,11
20190903,110,1,11
20190903,111,1,11
20190903,112,1,11
20190903,113,1,11
20190903,114,1,11
20190903,115,1,11
20190903,116,1,11
20190903,117,1,11
20190903,118,1,11
20190903,119,1,11
20190903,120,1,11
20190903,121,1,11
20190903,122,1,11
20190903,123,1,11
20190903,124,1,11
20190903,125,1,11
20190903,126,1,11
20190903,127,1,11
20190903,128,1,11
20190903,129,1,11
20190903,130,1,11
20190903,131,1,11
20190903,132,1,11
20190903,133,1,11
20190903,134,2,11
20190903,135,2,11
20190903,136,2,11
20190903,137,2,11
20190903,138,2,11
20190903,139,2,11
20190903,140,2,11
20190903,141,2,11
20190903,142,2,11
20190903,143,2,11
20190903,144,2,11
20190903,145,2,11
20190903,146,2,11
20190903,147,2,11
20190903,148,2,11
20190903,149,2,11
20190903,150,2,11
20190903,151,2,11
20190903,152,2,11
20190903,153,2,11
20190903,154,2,11
20190903,155,2,11
20190903,156,2,11
20190903,157,2,11
20190903,158,2,11
20190903,159,2,11
20190903,160,2,11
20190903,161,2,11
20190903,162,2,11
20190903,163,2,11
20190903,164,2,11
20190903,165,2,11
20190903,166,2,11
20190903,167,2,11
20190903,168,2,11
20190903,169,2,11
20190903,170,2,11
20190903,171,2,11
20190903,172,2,11
20190903,173,2,11
20190903,174,2,11
20190903,175,2,11
20190903,176,2,11
20190903,177,2,11
20190903,178,2,11
20190903,179,2,11
20190903,180,2,11
20190903,181,2,11
20190903,182,2,11
20190903,183,2,11
20190903,184,2,11
20190903,185,2,11
20190903,186,1,11
20190903,187,1,11
20190903,188,1,11
20190903,189,1,11
20190903,190,1,11
20190903,191,1,11
20190903,192,1,11
20190903,193,1,11
20190903,194,1,11
20190903,195,1,11
20190903,196,1,11
20190903,197,1,11
20190903,198,1,11
20190903,199,1,11
20190903,200,1,11
20190903,201,1,11
20190903,202,1,11
20190903,203,1,11
20190903,204,1,11
20190903,205,1,11
20190903,206,1,11
20190903,207,1,11
20190903,208,1,11
20190903,209,1,11
20190903,210,1,11
20190903,211,2,11
20190903,212,2,11
20190903,213,2,11
20190903,214,2,11
20190903,215,2,11
20190903,216,2,11
20190903,217,2,11
20190903,218,2,11
20190903,219,2,11
20190903,220,2,11
20190903,221,2,11
20190903,222,1,11
20190903,223,1,11
20190903,224,1,11
20190903,225,1,11
20190903,226,1,11
20190903,227,1,11
20190903,228,1,11
20190903,229,1,11
20190903,230,1,11
20190903,231,1,11
20190903,232,1,11
20190903,233,1,11
20190903,234,1,11
20190903,235,1,11
20190903,236,1,11
20190903,237,1,11
20190903,238,1,11
20190903,239,1,11
20190903,240,1,11
20190903,241,1,11
20190903,242,1,11
20190903,243,1,11
20190903,244,1,11
20190903,245,1,11
20190903,246,1,11
20190903,247,1,11
20190903,248,1,11
20190903,249,1,11
20190903,250,1,11
20190903,251,1,11
20190903,252,1,11
20190903,253,1,11
20190903,254,1,11
20190903,255,1,11
20190903,256,1,11
20190903,257,1,11
20190903,258,1,11
20190903,259,1,11
20190903,260,1,11
20190903,261,1,11
20190903,262,1,11
20190903,263,1,11
20190903,264,1,11
20190903,265,1,11
20190903,266,1,11
20190903,267,1,11
20190903,268,1,11
20190903,269,2,11
20190903,270,2,11
20190903,271,2,11
20190903,272,2,11
20190903,273,2,11
20190903,274,2,11
20190903,275,2,11
20190903,276,2,11
20190903,277,2,11
20190903,278,2,11
20190903,279,2,11
20190903,280,2,11
20190903,281,2,11
20190903,282,2,11
20190903,283,2,11
20190903,284,2,11
20190903,285,1,11
20190903,286,1,11
20190903,287,1,11
20190903,288,1,11
20190903,289,1,11
20190903,290,1,11
20190903,291,1,11
20190903,292,1,11
20190903,293,1,11
20190903,294,1,11
20190903,295,2,11
20190903,296,2,11
20190903,297,2,11
20190903,298,2,11
20190903,299,2,11
20190903,300,2,11
20190903,301,2,11
20190903,302,2,11
20190903,303,2,11
20190903,304,2,11
20190903,305,2,11
20190903,306,2,11
20190903,307,2,11
20190903,308,2,11
20190903,309,2,11
20190903,310,2,11
20190903,311,2,11
20190903,312,2,11
20190903,313,2,11
20190903,314,2,11
20190903,315,2,11
20190903,316,2,11
20190903,317,2,11
20190903,318,2,11
20190903,319,2,11
20190903,320,2,11
20190903,321,1,11
20190903,322,1,11
20190903,323,1,11
20190903,324,1,11
20190903,325,1,11
20190903,326,1,11
20190903,327,1,11
20190903,328,1,11
20190903,329,1,11
20190903,330,1,11
20190903,331,1,11
20190903,332,1,11
20190903,333,1,11
20190903,334,1,11
20190903,335,1,11
20190903,336,1,11
20190903,337,1,11
20190903,338,1,11
20190903,339,1,11
20190903,340,1,11
20190903,341,1,11
20190903,342,1,11
20190903,343,1,11
20190903,344,1,11
20190903,345,1,11
20190903,346,1,11
20190903,347,1,11
20190903,348,1,11
20190903,349,1,11
20190903,350,1,11
20190903,351,1,11
20190903,352,1,11
20190903,353,1,11
20190903,354,1,11
20190903,355,1,11
20190903,356,1,11
20190903,357,1,11
20190903,358,1,11
20190903,359,1,11
20190903,360,1,11
20190903,361,1,11
20190903,362,1,11
20190903,363,1,11
20190903,364,1,11
20190903,365,1,11
20190904,1,1,0
20190904,2,1,0
20190904,3,1,0
20190904,4,1,0
20190904,5,1,0
20190904,6,1,0
20190904,7,1,0
20190904,8,1,0
20190904,9,1,0
20190904,10,1,0
20190904,11,2,0
20190904,12,2,0
20190904,13,2,0
20190904,14,2,0
20190904,15,2,0
20190904,16,2,0
20190904,17,2,0
20190904,18,2,0
20190904,19,2,0
20190904,20,2,0
20190904,21,2,0
20190904,22,2,0
20190904,23,2,0
20190904,24,2,0
20190904,25,2,0
20190904,26,2,0
20190904,27,2,0
20190904,28,2,0
20190904,29,2,0
20190904,30,2,0
20190904,31,2,0
20190904,32,2,0
20190904,33,1,0
20190904,34,1,0
20190904,35,1,0
20190904,36,1,0
20190904,37,1,0
20190904,38,1,0
20190904,39,1,0
20190904,40,1,0
20190904,41,1,0
20190904,42,1,0
20190904,43,1,0
20190904,44,1,0
20190904,45,1,0
20190904,46,1,0
20190904,47,1,0
20190904,48,1,0
20190904,49,1,0
20190904,50,1,0
20190904,51,1,0
20190904,52,1,0
20190904,53,1,0
20190904,54,1,0
20190904,55,1,0
20190904,56,1,0
20190904,57,1,0
20190904,58,1,0
20190904,59,1,0
20190904,60,1,0
20190904,61,1,0
20190904,62,1,0
20190904,63,1,0
20190904,64,1,0
20190904,65,1,0
20190904,66,1,0
20190904,67,1,0
20190904,68,1,0
20190904,69,1,0
20190904,70,1,0
20190904,71,1,0
20190904,72,2,0
20190904,73,2,0
20190904,74,2,0
20190904,75,2,0
20190904,76,2,0
20190904,77,2,0
20190904,78,2,0
20190904,79,2,0
20190904,80,2,0
20190904,81,2,0
20190904,82,2,0
20190904,83,2,0
20190904,84,2,0
20190904,85,2,0
20190904,86,2,0
20190904,87,2,0
20190904,88,2,0
20190904,89,2,0
20190904,90,2,0
20190904,91,2,0
20190904,92,2,0
20190904,93,1,0
20190904,94,1,0
20190904,95,1,0
20190904,96,1,0
20190904,97,1,0
20190904,98,1,0
20190904,99,1,0
20190904,100,1,0
20190904,101,1,0
20190904,102,1,0
20190904,103,2,0
20190904,104,2,0
20190904,105,2,0
20190904,106,2,0
20190904,107,2,0
20190904,108,2,0
20190904,109,2,0
20190904,110,2,0
20190904,111,2,0
20190904,112,2,0
20190904,113,2,0
20190904,114,1,0
20190904,115,1,0
20190904,116,1,0
20190904,117,1,0
20190904,118,1,0
20190904,119,1,0
20190904,120,1,0
20190904,121,1,0
20190904,122,1,0
20190904,123,1,0
20190904,124,1,0
20190904,125,1,0
20190904,126,1,0
20190904,127,1,0
20190904,128,1,0
20190904,129,1,0
20190904,130,1,0
20190904,131,1,0
20190904,132,1,0
20190904,133,1,0
20190904,134,1,0
20190904,135,1,0
20190904,136,1,0
20190904,137,1,0
20190904,138,1,0
20190904,139,1,0
20190904,140,1,0
20190904,141,1,0
20190904,142,1,0
20190904,143,1,0
20190904,144,1,0
20190904,145,1,0
20190904,146,1,0
20190904,147,1,0
20190904,148,1,0
20190904,149,1,0
20190904,150,1,0
20190904,151,1,0
20190904,152,1,0
20190904,153,1,0
20190904,154,1,0
20190904,155,1,0
20190904,156,1,0
20190904,157,1,0
20190904,158,1,0
20190904,159,1,0
20190904,160,1,0
20190904,161,1,0
20190904,162,1,0
20190904,163,1,0
20190904,164,1,0
20190904,165,1,0
20190904,166,1,0
20190904,167,1,0
20190904,168,1,0
20190904,169,1,0
20190904,170,1,0
20190904,171,1,0
20190904,172,2,0
20190904,173,2,0
20190904,174,2,0
20190904,175,2,0
20190904,176,2,0
20190904,177,2,0
20190904,178,2,0
20190904,179,2,0
20190904,180,2,0
20190904,181,2,0
20190904,182,2,0
20190904,183,2,0
20190904,184,2,0
20190904,185,2,0
20190904,186,1,0
20190904,187,1,0
20190904,188,1,0
20190904,189,1,0
20190904,190,1,0
20190904,191,1,0
20190904,192,1,0
20190904,193,1,0
20190904,194,1,0
20190904,195,1,0
20190904,196,1,0
20190904,197,2,0
20190904,198,2,0
20190904,199,2,0
20190904,200,2,0
20190904,201,2,0
20190904,202,2,0
20190904,203,2,0
20190904,204,2,0
20190904,205,2,0
20190904,206,2,0
20190904,207,2,0
20190904,208,2,0
20190904,209,2,0
20190904,210,2,0
20190904,211,2,0
20190904,212,2,0
20190904,213,1,0
20190904,214,1,0
20190904,215,1,0
20190904,216,1,0
20190904,217,1,0
20190904,218,1,0
20190904,219,1,0
20190904,220,1,0
20190904,221,1,0
20190904,222,1,0
20190904,223,2,0
20190904,224,2,0
20190904,225,2,0
20190904,226,2,0
20190904,227,2,0
20190904,228,2,0
20190904,229,2,0
20190904,230,2,0
20190904,231,2,0
20190904,232,2,0
20190904,233,2,0
20190904,234,2,0
20190904,235,2,0
20190904,236,2,0
20190904,237,2,0
20190904,238,2,0
20190904,239,2,0
20190904,240,2,0
20190904,241,2,0
20190904,242,2,0
20190904,243,1,0
20190904,244,1,0
20190904,245,1,0
20190904,246,1,0
20190904,247,1,0
20190904,248,1,0
20190904,249,1,0
20190904,250,1,0
20190904,251,1,0
20190904,252,1,0
20190904,253,1,0
20190904,254,1,0
20190904,255,1,0
20190904,256,1,0
20190904,257,2,0
20190904,258,2,0
20190904,259,2,0
20190904,260,2,0
20190904,261,2,0
20190904,262,2,0
20190904,263,2,0
20190904,264,2,0
20190904,265,2,0
20190904,266,2,0
20190904,267,2,0
20190904,268,2,0
20190904,269,2,0
20190904,270,2,0
20190904,271,2,0
20190904,272,2,0
20190904,273,2,0
20190904,274,2,0
20190904,275,2,0
20190904,276,2,0
20190904,277,2,0
20190904,278,1,0
20190904,279,1,0
20190904,280,1,0
20190904,281,1,0
20190904,282,1,0
20190904,283,1,0
20190904,284,1,0
20190904,285,1,0
20190904,286,1,0
20190904,287,1,0
20190904,288,2,0
20190904,289,2,0
20190904,290,2,0
20190904,291,2,0
20190904,292,2,0
20190904,293,2,0
20190904,294,2,0
20190904,295,2,0
20190904,296,2,0
20190904,297,2,0
20190904,298,2,0
20190904,299,2,0
20190904,300,2,0
20190904,301,2,0
20190904,302,2,0
20190904,303,2,0
20190904,304,2,0
20190904,305,2,0
20190904,306,2,0
20190904,307,2,0
20190904,308,2,0
20190904,309,2,0
20190904,310,1,0
20190904,311,1,0
20190904,312,1,0
20190904,313,1,0
20190904,314,1,0
20190904,315,1,0
20190904,316,1,0
20190904,317,1,0
20190904,318,1,0
20190904,319,1,0
20190904,320,1,0
20190904,321,1,0
20190904,322,1,0
20190904,323,1,0
20190904,324,1,0
20190904,325,1,0
20190904,326,1,0
20190904,327,1,0
20190904,328,1,0
20190904,329,1,0
20190904,330,1,0
20190904,331,1,0
20190904,332,1,0
20190904,333,1,0
20190904,334,1,0
20190904,335,1,0
20190904,336,1,0
20190904,337,1,0
20190904,338,1,0
20190904,339,1,0
20190904,340,1,0
20190904,341,1,0
20190904,342,1,0
20190904,343,1,0
20190904,344,1,0
20190904,345,1,0
20190904,346,1,0
20190904,347,1,0
20190904,348,1,0
20190904,349,1,0
20190904,350,1,0
20190904,351,1,0
20190904,352,1,0
20190904,353,1,0
20190904,354,1,0
20190904,355,1,0
20190904,356,1,0
20190904,357,1,0
20190904,358,1,0
20190904,359,1,0
20190904,360,1,0
20190904,361,1,0
20190904,362,1,0
20190904,363,1,0
20190904,364,1,0
20190904,365,1,0
20190904,366,1,0
20190904,367,1,0
20190904,368,1,0
20190904,369,1,0
20190904,370,1,0
20190904,371,1,0
20190904,372,1,0
20190905,5,1,0
20190905,6,1,0
20190905,7,1,0
20190905,8,1,0
20190905,9,1,0
20190905,10,1,0
20190905,11,1,0
20190905,12,1,0
20190905,13,1,0
20190905,14,1,0
20190905,15,2,0
20190905,16,2,0
20190905,17,2,0
20190905,18,2,0
20190905,19,2,0
20190905,20,2,0
20190905,21,2,0
20190905,22,2,0
20190905,23,2,0
20190905,24,2,0
20190905,25,2,0
20190905,26,2,0
20190905,27,2,0
20190905,28,2,0
20190905,29,2,0
20190905,30,2,0
20190905,31,2,0
20190905,32,2,0
20190905,33,2,0
20190905,34,2,0
20190905,35,2,0
20190905,36,2,0
20190905,37,2,0
20190905,38,2,0
20190905,39,2,0
20190905,40,2,0
20190905,41,2,0
20190905,42,2,0
20190905,43,2,0
20190905,44,2,0
20190905,45,2,0
20190905,46,2,0
20190905,47,2,0
20190905,48,2,0
20190905,49,2,0
20190905,50,2,0
20190905,51,1,0
20190905,52,1,0
20190905,53,1,0
20190905,54,1,0
20190905,55,1,0
20190905,56,1,0
20190905,57,1,0
20190905,58,1,0
20190905,59,1,0
20190905,60,1,0
20190905,61,1,0
20190905,62,1,0
20190905,63,1,0
20190905,64,1,0
20190905,65,1,0
20190905,66,1,0
20190905,67,1,0
20190905,68,1,0
20190905,69,1,0
20190905,70,1,0
20190905,71,1,0
20190905,72,1,0
20190905,73,1,0
20190905,74,1,0
20190905,75,1,0
20190905,76,1,0
20190905,77,1,0
20190905,78,1,0
20190905,79,1,0
20190905,80,1,0
20190905,81,1,0
20190905,82,1,0
20190905,83,1,0
20190905,84,1,0
20190905,85,1,0
20190905,86,1,0
20190905,87,1,0
20190905,88,1,0
20190905,89,1,0
20190905,90,1,0
20190905,91,1,0
20190905,92,1,0
20190905,93,1,0
20190905,94,1,0
20190905,95,1,0
20190905,96,1,0
20190905,97,1,0
20190905,98,1,0
20190905,99,1,0
20190905,100,1,0
20190905,101,1,0
20190905,102,1,0
20190905,103,1,0
20190905,104,1,0
20190905,105,1,0
20190905,106,1,0
20190905,107,1,0
20190905,108,1,0
20190905,109,1,0
20190905,110,1,0
20190905,111,2,0
20190905,112,2,0
20190905,113,2,0
20190905,114,2,0
20190905,115,2,0
20190905,116,2,0
20190905,117,2,0
20190905,118,2,0
20190905,119,2,0
20190905,120,2,0
20190905,121,2,0
20190905,122,2,0
20190905,123,2,0
20190905,124,2,0
20190905,125,2,0
20190905,126,2,0
20190905,127,2,0
20190905,128,2,0
20190905,129,1,0
20190905,130,1,0
20190905,131,1,0
20190905,132,1,0
20190905,133,1,0
20190905,134,1,0
20190905,135,1,0
20190905,136,1,0
20190905,137,1,0
20190905,138,1,0
20190905,139,2,0
20190905,140,2,0
20190905,141,2,0
20190905,142,2,0
20190905,143,2,0
20190905,144,2,0
20190905,145,2,0
20190905,146,2,0
20190905,147,2,0
20190905,148,2,0
20190905,149,2,0
20190905,150,2,0
20190905,151,2,0
20190905,152,2,0
20190905,153,2,0
20190905,154,2,0
20190905,155,2,0
20190905,156,2,0
20190905,157,1,0
20190905,158,1,0
20190905,159,1,0
20190905,160,1,0
20190905,161,1,0
20190905,162,1,0
20190905,163,1,0
20190905,164,1,0
20190905,165,1,0
20190905,166,1,0
20190905,167,1,0
20190905,168,1,0
20190905,169,1,0
20190905,170,1,0
20190905,171,1,0
20190905,172,1,0
20190905,173,1,0
20190905,174,1,0
20190905,175,1,0
20190905,176,1,0
20190905,177,1,0
20190905,178,1,0
20190905,179,1,0
20190905,180,1,0
20190905,181,1,0
20190905,182,1,0
20190905,183,1,0
20190905,184,1,0
20190905,185,1,0
20190905,186,1,0
20190905,187,1,0
20190905,188,2,0
20190905,189,2,0
20190905,190,2,0
20190905,191,2,0
20190905,192,2,0
20190905,193,2,0
20190905,194,2,0
20190905,195,2,0
20190905,196,2,0
20190905,197,2,0
20190905,198,2,0
20190905,199,2,0
20190905,200,2,0
20190905,201,2,0
20190905,202,2,0
20190905,203,2,0
20190905,204,2,0
20190905,205,2,0
20190905,206,2,0
20190905,207,2,0
20190905,208,2,0
20190905,209,2,0
20190905,210,2,0
20190905,211,2,0
20190905,212,2,0
20190905,213,2,0
20190905,214,2,0
20190905,215,2,0
20190905,216,2,0
20190905,217,2,0
20190905,218,2,0
20190905,219,2,0
20190905,220,2,0
20190905,221,2,0
20190905,222,2,0
20190905,223,1,0
20190905,224,1,0
20190905,225,1,0
20190905,226,1,0
20190905,227,1,0
20190905,228,1,0
20190905,229,1,0
20190905,230,1,0
20190905,231,1,0
20190905,232,1,0
20190905,233,1,0
20190905,234,1,0
20190905,235,1,0
20190905,236,1,0
20190905,237,1,0
20190905,238,1,0
20190905,239,1,0
20190905,240,1,0
20190905,241,1,0
20190905,242,1,0
20190905,243,1,0
20190905,244,1,0
20190905,245,1,0
20190905,246,1,0
20190905,247,1,0
20190905,248,1,0
20190905,249,1,0
20190905,250,1,0
20190905,251,2,0
20190905,252,2,0
20190905,253,2,0
20190905,254,2,0
20190905,255,2,0
20190905,256,2,0
20190905,257,2,0
20190905,258,2,0
20190905,259,2,0
20190905,260,2,0
20190905,261,2,0
20190905,262,2,0
20190905,263,2,0
20190905,264,2,0
20190905,265,2,0
20190905,266,2,0
20190905,267,2,0
20190905,268,1,0
20190905,269,1,0
20190905,270,1,0
20190905,271,1,0
20190905,272,1,0
20190905,273,1,0
20190905,274,1,0
20190905,275,1,0
20190905,276,1,0
20190905,277,1,0
20190905,278,2,0
20190905,279,2,0
20190905,280,2,0
20190905,281,2,0
20190905,282,2,0
20190905,283,2,0
20190905,284,2,0
20190905,285,2,0
20190905,286,2,0
20190905,287,2,0
20190905,288,2,0
20190905,289,2,0
20190905,290,2,0
20190905,291,2,0
20190905,292,2,0
20190905,293,2,0
20190905,294,2,0
20190905,295,2,0
20190905,296,1,0
20190905,297,1,0
20190905,298,1,0
20190905,299,1,0
20190905,300,1,0
20190905,301,1,0
20190905,302,1,0
20190905,303,1,0
20190905,304,1,0
20190905,305,1,0
20190905,306,1,0
20190905,307,1,0
20190905,308,1,0
20190905,309,1,0
20190905,310,1,0
20190905,311,1,0
20190905,312,1,0
20190905,313,1,0
20190905,314,1,0
20190905,315,1,0
20190905,316,1,0
20190905,317,1,0
20190905,318,1,0
20190905,319,1,0
20190905,320,1,0
20190905,321,1,0
20190905,322,1,0
20190905,323,1,0
20190905,324,1,0
20190905,325,1,0
20190905,326,1,0
20190905,327,1,0
20190905,328,1,0
20190905,329,1,0
20190905,330,1,0
20190905,331,1,0
20190905,332,1,0
20190905,333,1,0
20190905,334,1,0
20190905,335,1,0
20190905,336,1,0
20190905,337,1,0
20190905,338,1,0
20190905,339,1,0
20190905,340,1,0
20190905,341,1,0
20190905,342,1,0
20190905,343,1,0
20190905,344,1,0
20190905,345,1,0
20190905,346,1,0
20190905,347,1,0
20190905,348,1,0
20190905,349,2,0
20190905,350,2,0
20190905,351,2,0
20190905,352,2,0
20190905,353,2,0
20190905,354,2,0
20190905,355,2,0
20190905,356,2,0
20190905,357,2,0
20190905,358,2,0
20190905,359,1,0
20190905,360,1,0
20190905,361,1,0
20190905,362,1,0
20190905,363,1,0
20190905,364,1,0
20190905,365,1,0
20190905,366,1,0
20190905,367,1,0
20190905,368,1,0
20190905,369,1,0
20190905,370,1,0
20190905,371,1,0
20190905,372,1,0
20190905,373,1,0
20190905,374,1,0
20190905,375,1,0
20190905,376,1,0
20190905,377,1,0
20190905,378,1,0
20190905,379,1,0
20190905,380,1,0
20190905,381,1,0
20190905,382,1,0
20190905,383,1,0
20190905,384,1,0
20190905,385,1,0
20190905,386,1,0
20190905,387,1,0
20190905,388,1,0
20190905,389,1,0
20190905,390,1,0
20190905,391,1,0
20190905,392,1,0
20190905,393,1,0
20190905,394,1,0
20190905,395,1,0
20190905,396,1,0
20190905,397,1,0
20190905,398,1,0
20190905,399,1,0
20190905,400,1,0
20190905,401,1,0
20190905,402,1,0
20190905,403,1,0
20190905,404,1,0
20190905,405,1,0
20190905,406,1,0
20190905,407,1,0
20190905,408,1,0
20190905,409,1,0
20190905,410,1,0
20190905,411,1,0
20190905,412,1,0
20190905,413,1,0
20190905,414,1,0
20190905,415,1,0
20190905,416,1,0
20190905,417,1,0
20190905,418,1,0
20190905,419,1,0
20190905,420,1,0
20190905,421,1,0
20190905,422,1,0
20190905,423,1,0
20190905,424,1,0
20190905,425,1,0
20190905,426,1,0
20190905,427,1,0
20190905,428,1,0
20190905,429,1,0
20190905,430,1,0
20190905,431,1,0
20190905,432,1,0
20190905,433,1,0
20190905,434,1,0
20190905,435,1,0
20190905,436,1,0
20190905,437,1,0
20190905,438,1,0
20190905,439,1,0
20190905,440,1,0
20190905,441,1,0
20190905,442,1,0
20190905,443,1,0
20190905,444,1,0
20190905,445,1,0
20190905,446,1,0
20190905,447,1,0
20190905,448,1,0
20190905,449,1,0
20190905,450,1,0
20190905,451,1,0
20190905,452,1,0
20190905,453,1,0
20190905,454,1,0
20190905,455,1,0
20190905,456,1,0
20190905,457,1,0
20190905,458,1,0
20190905,459,1,0
20190905,460,1,0
20190905,461,1,0
20190905,462,1,0
20190905,463,1,0
20190905,464,1,0
20190905,465,1,0
20190905,466,1,0
20190905,467,1,0
20190905,468,1,0
20190905,469,1,0
20190905,470,1,0
20190905,471,1,0
20190905,472,1,0
20190908,49,1,0
20190908,50,1,0
20190908,51,1,0
20190908,52,1,0
20190908,53,1,0
20190908,54,1,0
20190908,55,1,0
20190908,56,1,0
20190908,57,1,0
20190908,58,1,0
20190908,59,2,0
20190908,60,2,0
20190908,61,2,0
20190908,62,2,0
20190908,63,2,0
20190908,64,2,0
20190908,65,2,0
20190908,66,2,0
20190908,67,2,0
20190908,68,2,0
20190908,69,2,0
20190908,70,2,0
20190908,71,2,0
20190908,72,2,0
20190908,73,2,0
20190908,74,2,0
20190908,75,2,0
20190908,76,2,0
20190908,77,2,0
20190908,78,2,0
20190908,79,2,0
20190908,80,2,0
20190908,81,2,0
20190908,82,2,0
20190908,83,2,0
20190908,84,2,0
20190908,85,2,0
20190908,86,2,0
20190908,87,2,0
20190908,88,2,0
20190908,89,2,0
20190908,90,2,0
20190908,91,2,0
20190908,92,2,0
20190908,93,2,0
20190908,94,2,0
20190908,95,2,0
20190908,96,2,0
20190908,97,2,0
20190908,98,2,0
20190908,99,2,0
20190908,100,2,0
20190908,101,2,0
20190908,102,2,0
20190908,103,2,0
20190908,104,2,0
20190908,105,2,0
20190908,106,2,0
20190908,107,2,0
20190908,108,2,0
20190908,109,2,0
20190908,110,2,0
20190908,111,2,0
20190908,112,2,0
20190908,113,2,0
20190908,114,1,0
20190908,115,1,0
20190908,116,1,0
20190908,117,1,0
20190908,118,1,0
20190908,119,1,0
20190908,120,1,0
20190908,121,1,0
20190908,122,1,0
20190908,123,1,0
20190908,124,1,0
20190908,125,1,0
20190908,126,1,0
20190908,127,1,0
20190908,128,1,0
20190908,129,1,0
20190908,130,2,0
20190908,131,2,0
20190908,132,2,0
20190908,133,2,0
20190908,134,2,0
20190908,135,2,0
20190908,136,2,0
20190908,137,2,0
20190908,138,2,0
20190908,139,2,0
20190908,140,2,0
20190908,141,2,0
20190908,142,2,0
20190908,143,2,0
20190908,144,2,0
20190908,145,2,0
20190908,146,2,0
20190908,147,2,0
20190908,148,2,0
20190908,149,2,0
20190908,150,2,0
20190908,151,2,0
20190908,152,2,0
20190908,153,2,0
20190908,154,2,0
20190908,155,2,0
20190908,156,2,0
20190908,157,2,0
20190908,158,2,0
20190908,159,2,0
20190908,160,2,0
20190908,161,2,0
20190908,162,2,0
20190908,163,2,0
20190908,164,1,0
20190908,165,1,0
20190908,166,1,0
20190908,167,1,0
20190908,168,1,0
20190908,169,1,0
20190908,170,1,0
20190908,171,1,0
20190908,172,1,0
20190908,173,1,0
20190908,174,2,0
20190908,175,2,0
20190908,176,2,0
20190908,177,2,0
20190908,178,2,0
20190908,179,2,0
20190908,180,2,0
20190908,181,2,0
20190908,182,2,0
20190908,183,2,0
20190908,184,2,0
20190908,185,2,0
20190908,186,2,0
20190908,187,2,0
20190908,188,2,0
20190908,189,2,0
20190908,190,2,0
20190908,191,1,0
20190908,192,1,0
20190908,193,1,0
20190908,194,1,0
20190908,195,1,0
20190908,196,1,0
20190908,197,1,0
20190908,198,1,0
20190908,199,1,0
20190908,200,1,0
20190908,201,2,0
20190908,202,2,0
20190908,203,2,0
20190908,204,2,0
20190908,205,2,0
20190908,206,2,0
20190908,207,2,0
20190908,208,2,0
20190908,209,2,0
20190908,210,2,0
20190908,211,2,0
20190908,212,2,0
20190908,213,2,0
20190908,214,2,0
20190908,215,1,0
20190908,216,1,0
20190908,217,1,0
20190908,218,1,0
20190908,219,1,0
20190908,220,1,0
20190908,221,1,0
20190908,222,1,0
20190908,223,1,0
20190908,224,1,0
20190908,225,1,0
20190908,226,1,0
20190908,227,1,0
20190908,228,1,0
20190908,229,1,0
20190908,230,1,0
20190908,231,1,0
20190908,232,1,0
20190908,233,1,0
20190908,234,1,0
20190908,235,1,0
20190908,236,1,0
20190908,237,1,0
20190908,238,1,0
20190908,239,1,0
20190908,240,1,0
20190908,241,1,0
20190908,242,1,0
20190908,243,1,0
20190908,244,1,0
20190908,245,1,0
20190908,246,1,0
20190908,247,1,0
20190908,248,1,0
20190908,249,1,0
20190908,250,1,0
20190908,251,1,0
20190908,252,1,0
20190908,253,1,0
20190908,254,1,0
20190908,255,1,0
20190908,256,1,0
20190908,257,1,0
20190908,258,1,0
20190908,259,1,0
20190908,260,1,0
20190908,261,1,0
20190908,262,1,0
20190908,263,1,0
20190908,264,1,0
20190908,265,1,0
20190908,266,1,0
20190908,267,1,0
20190908,268,1,0
20190908,269,1,0
20190908,270,1,0
20190908,271,1,0
20190908,272,1,0
20190908,273,1,0
20190908,274,1,0
20190908,275,1,0
20190908,276,1,0
20190908,277,1,0
20190908,278,1,0
20190908,279,1,0
20190908,280,1,0
20190908,281,1,0
20190908,282,1,0
20190908,283,1,0
20190908,284,1,0
20190908,285,1,0
20190908,286,1,0
20190908,287,1,0
20190908,288,1,0
20190908,289,2,0
20190908,290,2,0
20190908,291,2,0
20190908,292,2,0
20190908,293,2,0
20190908,294,2,0
20190908,295,2,0
20190908,296,2,0
20190908,297,2,0
20190908,298,2,0
20190908,299,2,0
20190908,300,1,0
20190908,301,1,0
20190908,302,1,0
20190908,303,1,0
20190908,304,1,0
20190908,305,1,0
20190908,306,1,0
20190908,307,1,0
20190908,308,1,0
20190908,309,1,0
20190908,310,1,0
20190908,311,1,0
20190908,312,1,0
20190908,313,1,0
20190908,314,1,0
20190908,315,1,0
20190908,316,1,0
20190908,317,1,0
20190908,318,1,0
20190908,319,1,0
20190908,320,1,0
20190908,321,1,0
20190908,322,1,0
20190908,323,1,0
20190908,324,1,0
20190908,325,1,0
20190908,326,1,0
20190908,327,1,0
20190908,328,1,0
20190908,329,1,0
20190908,330,1,0
20190908,331,1,0
20190908,332,1,0
20190908,333,1,0
20190908,334,1,0
20190908,335,1,0
20190908,336,1,0
20190908,337,1,0
20190908,338,1,0
20190908,339,1,0
20190908,340,1,0
20190908,341,1,0
20190908,342,1,0
20190908,343,1,0
20190908,344,1,0
20190908,345,1,0
20190908,346,1,0
20190908,347,1,0
20190908,348,1,0
20190908,349,1,0
20190908,350,1,0
20190908,351,1,0
20190908,352,1,0
20190908,353,1,0
20190908,354,1,0
20190908,355,1,0
20190908,356,1,0
20190908,357,1,0
20190908,358,1,0
20190908,359,1,0
20190908,360,1,0
20190908,361,1,0
20190908,362,1,0
20190908,363,1,0
20190908,364,1,0
20190908,365,1,0
20190908,366,1,0
20190908,367,1,0
20190909,1437,1,11
20190909,1438,1,11
20190909,1439,1,11
20190909,0,1,11
20190909,1,1,11
20190909,2,1,11
20190909,3,1,11
20190909,4,1,11
20190909,5,1,11
20190909,6,1,11
20190909,7,1,11
20190909,8,1,11
20190909,9,1,11
20190909,10,1,11
20190909,11,1,11
20190909,12,1,11
20190909,13,1,11
20190909,14,1,11
20190909,15,1,11
20190909,16,1,11
20190909,17,1,11
20190909,18,1,11
20190909,19,1,11
20190909,20,1,11
20190909,21,1,11
20190909,22,1,11
20190909,23,1,11
20190909,24,1,11
20190909,25,1,11
20190909,26,1,11
20190909,27,2,11
20190909,28,2,11
20190909,29,2,11
20190909,30,2,11
20190909,31,2,11
20190909,32,2,11
20190909,33,2,11
20190909,34,2,11
20190909,35,2,11
20190909,36,2,11
20190909,37,2,11
20190909,38,2,11
20190909,39,2,11
20190909,40,2,11
20190909,41,2,11
20190909,42,2,11
20190909,43,2,11
20190909,44,2,11
20190909,45,2,11
20190909,46,2,11
20190909,47,2,11
20190909,48,2,11
20190909,49,2,11
20190909,50,2,11
20190909,51,2,11
20190909,52,2,11
20190909,53,2,11
20190909,54,2,11
20190909,55,2,11
20190909,56,2,11
20190909,57,2,11
20190909,58,1,11
20190909,59,1,11
20190909,60,1,11
20190909,61,1,11
20190909,62,1,11
20190909,63,1,11
20190909,64,1,11
20190909,65,1,11
20190909,66,1,11
20190909,67,1,11
20190909,68,1,11
20190909,69,2,11
20190909,70,2,11
20190909,71,2,11
20190909,72,2,11
20190909,73,2,11
20190909,74,2,11
20190909,75,2,11
20190909,76,2,11
20190909,77,2,11
20190909,78,2,11
20190909,79,2,11
20190909,80,2,11
20190909,81,2,11
20190909,82,2,11
20190909,83,2,11
20190909,84,2,11
20190909,85,1,11
20190909,86,1,11
20190909,87,1,11
20190909,88,1,11
20190909,89,1,11
20190909,90,1,11
20190909,91,1,11
20190909,92,1,11
20190909,93,1,11
20190909,94,1,11
20190909,95,1,11
20190909,96,1,11
20190909,97,1,11
20190909,98,1,11
20190909,99,1,11
20190909,100,1,11
20190909,101,1,11
20190909,102,1,11
20190909,103,1,11
20190909,104,1,11
20190909,105,1,11
20190909,106,1,11
20190909,107,1,11
20190909,108,1,11
20190909,109,1,11
20190909,110,1,11
20190909,111,1,11
20190909,112,1,11
20190909,113,1,11
20190909,114,1,11
20190909,115,2,11
20190909,116,2,11
20190909,117,2,11
20190909,118,2,11
20190909,119,2,11
20190909,120,2,11
20190909,121,2,11
20190909,122,2,11
20190909,123,2,11
20190909,124,2,11
20190909,125,2,11
20190909,126,2,11
20190909,127,2,11
20190909,128,2,11
20190909,129,2,11
20190909,130,2,11
20190909,131,1,11
20190909,132,1,11
20190909,133,1,11
20190909,134,1,11
20190909,135,1,11
20190909,136,1,11
20190909,137,1,11
20190909,138,1,11
20190909,139,1,11
20190909,140,1,11
20190909,141,1,11
20190909,142,1,11
20190909,143,1,11
20190909,144,1,11
20190909,145,1,11
20190909,146,1,11
20190909,147,1,11
20190909,148,1,11
20190909,149,1,11
20190909,150,1,11
20190909,151,1,11
20190909,152,1,11
20190909,153,1,11
20190909,154,1,11
20190909,155,1,11
20190909,156,1,11
20190909,157,1,11
20190909,158,1,11
20190909,159,1,11
20190909,160,1,11
20190909,161,1,11
20190909,162,1,11
20190909,163,1,11
20190909,164,1,11
20190909,165,1,11
20190909,166,1,11
20190909,167,1,11
20190909,168,1,11
20190909,169,1,11
20190909,170,1,11
20190909,171,1,11
20190909,172,1,11
20190909,173,1,11
20190909,174,1,11
20190909,175,1,11
20190909,176,1,11
20190909,177,1,11
20190909,178,1,11
20190909,179,1,11
20190909,180,1,11
20190909,181,1,11
20190909,182,1,11
20190909,183,1,11
20190909,184,1,11
20190909,185,1,11
20190909,186,1,11
20190909,187,1,11
20190909,188,1,11
20190909,189,1,11
20190909,190,1,11
20190909,191,1,11
20190909,192,1,11
20190909,193,1,11
20190909,194,1,11
20190909,195,1,11
20190909,196,1,11
20190909,197,1,11
20190909,198,1,11
20190909,199,1,11
20190909,200,1,11
20190909,201,1,11
20190909,202,1,11
20190909,203,1,11
20190909,204,2,11
20190909,205,2,11
20190909,206,2,11
20190909,207,2,11
20190909,208,2,11
20190909,209,2,11
20190909,210,2,11
20190909,211,2,11
20190909,212,2,11
20190909,213,2,11
20190909,214,2,11
20190909,215,1,11
20190909,216,1,11
20190909,217,1,11
20190909,218,1,11
20190909,219,1,11
20190909,220,1,11
20190909,221,1,11
20190909,222,1,11
20190909,223,1,11
20190909,224,1,11
20190909,225,2,11
20190909,226,2,11
20190909,227,2,11
20190909,228,2,11
20190909,229,2,11
20190909,230,2,11
20190909,231,2,11
20190909,232,2,11
20190909,233,2,11
20190909,234,2,11
20190909,235,2,11
20190909,236,2,11
20190909,237,2,11
20190909,238,2,11
20190909,239,2,11
20190909,240,2,11
20190909,241,2,11
20190909,242,2,11
20190909,243,2,11
20190909,244,2,11
20190909,245,2,11
20190909,246,2,11
20190909,247,2,11
20190909,248,1,11
20190909,249,1,11
20190909,250,1,11
20190909,251,1,11
20190909,252,1,11
20190909,253,1,11
20190909,254,1,11
20190909,255,1,11
20190909,256,1,11
20190909,257,1,11
20190909,258,2,11
20190909,259,2,11
20190909,260,2,11
20190909,261,2,11
20190909,262,2,11
20190909,263,2,11
20190909,264,2,11
20190909,265,2,11
20190909,266,2,11
20190909,267,2,11
20190909,268,2,11
20190909,269,2,11
20190909,270,2,11
20190909,271,2,11
20190909,272,2,11
20190909,273,2,11
20190909,274,2,11
20190909,275,2,11
20190909,276,2,11
20190909,277,1,11
20190909,278,1,11
20190909,279,1,11
20190909,280,1,11
20190909,281,1,11
20190909,282,1,11
20190909,283,1,11
20190909,284,1,11
20190909,285,1,11
20190909,286,1,11
20190909,287,1,11
20190909,288,1,11
20190909,289,1,11
20190909,290,1,11
20190909,291,1,11
20190909,292,1,11
20190909,293,1,11
20190909,294,1,11
20190909,295,1,11
20190909,296,1,11
20190909,297,1,11
20190909,298,1,11
20190909,299,1,11
20190909,300,1,11
20190909,301,1,11
20190909,302,1,11
20190909,303,1,11
20190909,304,1,11
20190909,305,1,11
20190909,306,1,11
20190909,307,1,11
20190909,308,1,11
20190909,309,1,11
20190909,310,1,11
20190909,311,1,11
20190909,312,1,11
20190909,313,1,11
20190909,314,1,11
20190909,315,1,11
20190909,316,1,11
20190909,317,1,11
20190909,318,1,11
20190909,319,1,11
20190909,320,1,11
20190909,321,1,11
20190909,322,1,11
20190909,323,1,11
20190909,324,1,11
20190909,325,1,11
20190909,326,1,11
20190909,327,1,11
20190909,328,1,11
20190909,329,1,11
20190909,330,1,11
20190909,331,1,11
20190909,332,1,11
20190909,333,1,11
20190909,334,1,11
20190909,335,1,11
20190909,336,1,11
20190909,337,1,11
20190909,338,1,11
20190909,339,1,11
20190909,340,1,11
20190909,341,1,11
20190909,342,1,11
20190909,343,1,11
20190909,344,1,11
20190909,345,1,11
20190909,346,1,11
20190909,347,1,11
20190909,348,1,11
20190909,349,1,11
20190909,350,1,11
20190909,351,1,11
20190909,352,1,11
20190909,353,1,11
20190909,354,1,11
20190909,355,1,11
20190909,356,1,11
20190909,357,1,11
20190909,358,1,11
20190909,359,1,11
20190909,360,1,11
20190909,361,1,11
20190909,362,1,11
20190909,363,1,11
20190909,364,1,11
20190909,365,1,11
20190909,366,1,11
20190909,367,1,11
20190909,368,1,11
20190909,369,1,11
20190909,370,1,11
20190909,371,1,11
20190909,372,1,11
20190909,373,1,11
20190910,1439,1,11
20190910,0,1,11
20190910,1,1,11
20190910,2,1,11
20190910,3,1,11
20190910,4,1,11
20190910,5,1,11
20190910,6,1,11
20190910,7,1,11
20190910,8,1,11
20190910,9,2,11
20190910,10,2,11
20190910,11,2,11
20190910,12,2,11
20190910,13,2,11
20190910,14,2,11
20190910,15,2,11
20190910,16,2,11
20190910,17,2,11
20190910,18,2,11
20190910,19,2,11
20190910,20,2,11
20190910,21,2,11
20190910,22,2,11
20190910,23,2,11
20190910,24,2,11
20190910,25,2,11
20190910,26,2,11
20190910,27,2,11
20190910,28,2,11
20190910,29,2,11
20190910,30,2,11
20190910,31,2,11
20190910,32,2,11
20190910,33,2,11
20190910,34,2,11
20190910,35,2,11
20190910,36,2,11
20190910,37,2,11
20190910,38,2,11
20190910,39,2,11
20190910,40,2,11
20190910,41,2,11
20190910,42,2,11
20190910,43,2,11
20190910,44,2,11
20190910,45,2,11
20190910,46,2,11
20190910,47,2,11
20190910,48,2,11
20190910,49,2,11
20190910,50,2,11
20190910,51,2,11
20190910,52,2,11
20190910,53,2,11
20190910,54,2,11
20190910,55,2,11
20190910,56,2,11
20190910,57,2,11
20190910,58,2,11
20190910,59,2,11
20190910,60,2,11
20190910,61,2,11
20190910,62,2,11
20190910,63,2,11
20190910,64,2,11
20190910,65,2,11
20190910,66,2,11
20190910,67,2,11
20190910,68,2,11
20190910,69,2,11
20190910,70,2,11
20190910,71,2,11
20190910,72,2,11
20190910,73,2,11
20190910,74,1,11
20190910,75,1,11
20190910,76,1,11
20190910,77,1,11
20190910,78,1,11
20190910,79,1,11
20190910,80,1,11
20190910,81,1,11
20190910,82,1,11
20190910,83,1,11
20190910,84,2,11
20190910,85,2,11
20190910,86,2,11
20190910,87,2,11
20190910,88,2,11
20190910,89,2,11
20190910,90,2,11
20190910,91,2,11
20190910,92,2,11
20190910,93,2,11
20190910,94,2,11
20190910,95,2,11
20190910,96,2,11
20190910,97,2,11
20190910,98,2,11
20190910,99,2,11
20190910,100,2,11
20190910,101,2,11
20190910,102,2,11
20190910,103,2,11
20190910,104,2,11
20190910,105,2,11
20190910,106,2,11
20190910,107,2,11
20190910,108,2,11
20190910,109,2,11
20190910,110,2,11
20190910,111,2,11
20190910,112,2,11
20190910,113,2,11
20190910,114,2,11
20190910,115,2,11
20190910,116,2,11
20190910,117,2,11
20190910,118,2,11
20190910,119,2,11
20190910,120,2,11
20190910,121,2,11
20190910,122,2,11
20190910,123,2,11
20190910,124,2,11
20190910,125,1,11
20190910,126,1,11
20190910,127,1,11
20190910,128,1,11
20190910,129,1,11
20190910,130,1,11
20190910,131,1,11
20190910,132,1,11
20190910,133,1,11
20190910,134,1,11
20190910,135,1,11
20190910,136,1,11
20190910,137,1,11
20190910,138,1,11
20190910,139,1,11
20190910,140,1,11
20190910,141,1,11
20190910,142,1,11
20190910,143,1,11
20190910,144,1,11
20190910,145,1,11
20190910,146,1,11
20190910,147,1,11
20190910,148,2,11
20190910,149,2,11
20190910,150,2,11
20190910,151,2,11
20190910,152,2,11
20190910,153,2,11
20190910,154,2,11
20190910,155,2,11
20190910,156,2,11
20190910,157,2,11
20190910,158,2,11
20190910,159,2,11
20190910,160,1,11
20190910,161,1,11
20190910,162,1,11
20190910,163,1,11
20190910,164,1,11
20190910,165,1,11
20190910,166,1,11
20190910,167,1,11
20190910,168,1,11
20190910,169,1,11
20190910,170,1,11
20190910,171,2,11
20190910,172,2,11
20190910,173,2,11
20190910,174,2,11
20190910,175,2,11
20190910,176,2,11
20190910,177,2,11
20190910,178,2,11
20190910,179,2,11
20190910,180,2,11
20190910,181,2,11
20190910,182,2,11
20190910,183,2,11
20190910,184,1,11
20190910,185,1,11
20190910,186,1,11
20190910,187,1,11
20190910,188,1,11
20190910,189,1,11
20190910,190,1,11
20190910,191,1,11
20190910,192,1,11
20190910,193,1,11
20190910,194,1,11
20190910,195,1,11
20190910,196,1,11
20190910,197,1,11
20190910,198,1,11
20190910,199,1,11
20190910,200,1,11
20190910,201,1,11
20190910,202,2,11
20190910,203,2,11
20190910,204,2,11
20190910,205,2,11
20190910,206,2,11
20190910,207,2,11
20190910,208,2,11
20190910,209,2,11
20190910,210,2,11
20190910,211,2,11
20190910,212,2,11
20190910,213,2,11
20190910,214,2,11
20190910,215,2,11
20190910,216,2,11
20190910,217,2,11
20190910,218,2,11
20190910,219,2,11
20190910,220,2,11
20190910,221,2,11
20190910,222,1,11
20190910,223,1,11
20190910,224,1,11
20190910,225,1,11
20190910,226,1,11
20190910,227,1,11
20190910,228,1,11
20190910,229,1,11
20190910,230,1,11
20190910,231,1,11
20190910,232,1,11
20190910,233,1,11
20190910,234,1,11
20190910,235,1,11
20190910,236,1,11
20190910,237,1,11
20190910,238,1,11
20190910,239,1,11
20190910,240,1,11
20190910,241,1,11
20190910,242,1,11
20190910,243,1,11
20190910,244,1,11
20190910,245,1,11
20190910,246,1,11
20190910,247,1,11
20190910,248,1,11
20190910,249,2,11
20190910,250,2,11
20190910,251,2,11
20190910,252,2,11
20190910,253,2,11
20190910,254,2,11
20190910,255,2,11
20190910,256,2,11
20190910,257,2,11
20190910,258,2,11
20190910,259,1,11
20190910,260,1,11
20190910,261,1,11
20190910,262,1,11
20190910,263,1,11
20190910,264,1,11
20190910,265,1,11
20190910,266,1,11
20190910,267,1,11
20190910,268,1,11
20190910,269,1,11
20190910,270,1,11
20190910,271,1,11
20190910,272,1,11
20190910,273,1,11
20190910,274,1,11
20190910,275,1,11
20190910,276,1,11
20190910,277,1,11
20190910,278,1,11
20190910,279,1,11
20190910,280,1,11
20190910,281,1,11
20190910,282,1,11
20190910,283,1,11
20190910,284,1,11
20190910,285,1,11
20190910,286,1,11
20190910,287,1,11
20190910,288,1,11
20190910,289,1,11
20190910,290,1,11
20190910,291,1,11
20190910,292,1,11
20190910,293,1,11
20190910,294,1,11
20190910,295,1,11
20190910,296,1,11
20190910,297,1,11
20190910,298,1,11
20190910,299,1,11
20190910,300,1,11
20190910,301,1,11
20190910,302,1,11
20190910,303,1,11
20190910,304,1,11
20190910,305,1,11
20190910,306,1,11
20190910,307,1,11
20190910,308,1,11
20190910,309,1,11
20190910,310,1,11
20190910,311,2,11
20190910,312,2,11
20190910,313,2,11
20190910,314,2,11
20190910,315,2,11
20190910,316,2,11
20190910,317,2,11
20190910,318,2,11
20190910,319,2,11
20190910,320,2,11
20190910,321,2,11
20190910,322,2,11
20190910,323,2,11
20190910,324,2,11
20190910,325,2,11
20190910,326,2,11
20190910,327,2,11
20190910,328,2,11
20190910,329,2,11
20190910,330,2,11
20190910,331,1,11
20190910,332,1,11
20190910,333,1,11
20190910,334,1,11
20190910,335,1,11
20190910,336,1,11
20190910,337,1,11
20190910,338,1,11
20190910,339,1,11
20190910,340,1,11
20190910,341,1,11
20190910,342,1,11
20190910,343,1,11
20190910,344,1,11
20190910,345,1,11
20190910,346,1,11
20190910,347,1,11
20190910,348,1,11
20190910,349,1,11
20190910,350,1,11
20190910,351,1,11
20190910,352,1,11
20190910,353,1,11
20190910,354,1,11
20190910,355,1,11
20190910,356,1,11
20190910,357,1,11
20190910,358,1,11
20190910,359,1,11
20190910,360,1,11
20190910,361,1,11
20190910,362,1,11
20190910,363,1,11
20190910,364,1,11
20190910,365,1,11
20190911,87,1,1
20190911,88,1,1
20190911,89,1,1
20190911,90,1,1
20190911,91,1,1
20190911,92,1,1
20190911,93,1,1
20190911,94,1,1
20190911,95,1,1
20190911,96,1,1
20190911,97,1,1
20190911,98,1,1
20190911,99,1,1
20190911,100,1,1
20190911,101,1,1
20190911,102,1,1
20190911,103,1,1
20190911,104,1,1
20190911,105,1,1
20190911,106,1,1
20190911,107,1,1
20190911,108,1,1
20190911,109,1,1
20190911,110,1,1
20190911,111,1,1
20190911,112,1,1
20190911,113,1,1
20190911,114,1,1
20190911,115,1,1
20190911,116,1,1
20190911,117,1,1
20190911,118,1,1
20190911,119,1,1
20190911,120,1,1
20190911,121,1,1
20190911,122,1,1
20190911,123,1,1
20190911,124,1,1
20190911,125,1,1
20190911,126,1,1
20190911,127,2,1
20190911,128,2,1
20190911,129,2,1
20190911,130,2,1
20190911,131,2,1
20190911,132,2,1
20190911,133,2,1
20190911,134,2,1
20190911,135,2,1
20190911,136,2,1
20190911,137,2,1
20190911,138,2,1
20190911,139,2,1
20190911,140,2,1
20190911,141,2,1
20190911,142,2,1
20190911,143,2,1
20190911,144,2,1
20190911,145,2,1
20190911,146,2,1
20190911,147,2,1
20190911,148,2,1
20190911,149,2,1
20190911,150,2,1
20190911,151,2,1
20190911,152,2,1
20190911,153,2,1
20190911,154,2,1
20190911,155,2,1
20190911,156,1,1
20190911,157,1,1
20190911,158,1,1
20190911,159,1,1
20190911,160,1,1
20190911,161,1,1
20190911,162,1,1
20190911,163,1,1
20190911,164,1,1
20190911,165,1,1
20190911,166,1,1
20190911,167,2,1
20190911,168,2,1
20190911,169,2,1
20190911,170,2,1
20190911,171,2,1
20190911,172,2,1
20190911,173,2,1
20190911,174,2,1
20190911,175,2,1
20190911,176,2,1
20190911,177,2,1
20190911,178,2,1
20190911,179,2,1
20190911,180,2,1
20190911,181,2,1
20190911,182,2,1
20190911,183,2,1
20190911,184,2,1
20190911,185,2,1
20190911,186,1,1
20190911,187,1,1
20190911,188,1,1
20190911,189,1,1
20190911,190,1,1
20190911,191,1,1
20190911,192,1,1
20190911,193,1,1
20190911,194,1,1
20190911,195,1,1
20190911,196,1,1
20190911,197,1,1
20190911,198,1,1
20190911,199,1,1
20190911,200,1,1
20190911,201,1,1
20190911,202,1,1
20190911,203,1,1
20190911,204,1,1
20190911,205,1,1
20190911,206,1,1
20190911,207,1,1
20190911,208,1,1
20190911,209,1,1
20190911,210,1,1
20190911,211,1,1
20190911,212,1,1
20190911,213,1,1
20190911,214,1,1
20190911,215,1,1
20190911,216,1,1
20190911,217,1,1
20190911,218,1,1
20190911,219,1,1
20190911,220,1,1
20190911,221,1,1
20190911,222,1,1
20190911,223,1,1
20190911,224,1,1
20190911,225,1,1
20190911,226,1,1
20190911,227,1,1
20190911,228,1,1
20190911,229,1,1
20190911,230,1,1
20190911,231,1,1
20190911,232,1,1
20190911,233,1,1
20190911,234,1,1
20190911,235,1,1
20190911,236,1,1
20190911,237,1,1
20190911,238,1,1
20190911,239,1,1
20190911,240,1,1
20190911,241,1,1
20190911,242,1,1
20190911,243,1,1
20190911,244,1,1
20190911,245,1,1
20190911,246,1,1
20190911,247,1,1
20190911,248,1,1
20190911,249,1,1
20190911,250,1,1
20190911,251,1,1
20190911,252,1,1
20190911,253,1,1
20190911,254,1,1
20190911,255,1,1
20190911,256,1,1
20190911,257,1,1
20190911,258,1,1
20190911,259,1,1
20190911,260,1,1
20190911,261,2,1
20190911,262,2,1
20190911,263,2,1
20190911,264,2,1
20190911,265,2,1
20190911,266,2,1
20190911,267,2,1
20190911,268,2,1
20190911,269,2,1
20190911,270,2,1
20190911,271,2,1
20190911,272,2,1
20190911,273,2,1
20190911,274,2,1
20190911,275,2,1
20190911,276,2,1
20190911,277,2,1
20190911,278,2,1
20190911,279,2,1
20190911,280,2,1
20190911,281,1,1
20190911,282,1,1
20190911,283,1,1
20190911,284,1,1
20190911,285,1,1
20190911,286,1,1
20190911,287,1,1
20190911,288,1,1
20190911,289,1,1
20190911,290,1,1
20190911,291,1,1
20190911,292,2,1
20190911,293,2,1
20190911,294,2,1
20190911,295,2,1
20190911,296,2,1
20190911,297,2,1
20190911,298,2,1
20190911,299,2,1
20190911,300,2,1
20190911,301,2,1
20190911,302,2,1
20190911,303,2,1
20190911,304,2,1
20190911,305,2,1
20190911,306,2,1
20190911,307,2,1
20190911,308,2,1
20190911,309,2,1
20190911,310,2,1
20190911,311,2,1
20190911,312,2,1
20190911,313,2,1
20190911,314,1,1
20190911,315,1,1
20190911,316,1,1
20190911,317,1,1
20190911,318,1,1
20190911,319,1,1
20190911,320,1,1
20190911,321,1,1
20190911,322,1,1
20190911,323,1,1
20190911,324,2,1
20190911,325,2,1
20190911,326,2,1
20190911,327,2,1
20190911,328,2,1
20190911,329,2,1
20190911,330,2,1
20190911,331,2,1
20190911,332,2,1
20190911,333,2,1
20190911,334,2,1
20190911,335,2,1
20190911,336,2,1
20190911,337,2,1
20190911,338,1,1
20190911,339,1,1
20190911,340,1,1
20190911,341,1,1
20190911,342,1,1
20190911,343,1,1
20190911,344,1,1
20190911,345,1,1
20190911,346,1,1
20190911,347,1,1
20190911,348,1,1
20190911,349,1,1
20190911,350,1,1
20190911,351,1,1
20190911,352,1,1
20190911,353,1,1
20190911,354,1,1
20190911,355,1,1
20190911,356,1,1
20190911,357,1,1
20190911,358,1,1
20190911,359,1,1
20190911,360,1,1
20190911,361,1,1
20190911,362,1,1
20190911,363,1,1
20190911,364,1,1
20190911,365,1,1
20190911,366,1,1
20190911,367,1,1
20190911,368,1,1
20190911,369,1,1
20190911,370,1,1
20190911,371,1,1
20190911,372,1,1
20190911,373,1,1
20190911,374,1,1
20190911,375,1,1
20190911,376,1,1
20190911,377,1,1
20190911,378,1,1
20190911,379,1,1
20190911,380,1,1
20190911,381,1,1
20190911,382,1,1
20190911,383,1,1
20190911,384,1,1
20190911,385,1,1
20190911,386,1,1
20190911,387,1,1
20190911,388,1,1
20190911,389,1,1
20190911,390,1,1
20190911,391,1,1
20190911,392,1,1
20190911,393,1,1
20190911,394,1,1
20190911,395,1,1
20190911,396,1,1
20190911,397,1,1
20190911,398,1,1
20190911,399,1,1
20190911,400,1,1
20190911,401,1,1
20190911,402,1,1
20190911,403,1,1
20190911,404,1,1
20190911,405,1,1
20190911,406,1,1
20190911,407,1,1
20190911,408,1,1
20190911,409,1,1
20190911,410,1,1
20190911,411,1,1
20190911,412,1,1
20190911,413,1,1
20190911,414,1,1
20190911,415,1,1
20190911,416,1,1
20190911,417,1,1
20190911,418,1,1
20190911,419,1,1
20190911,420,1,1
20190911,421,1,1
20190911,422,1,1
20190911,423,1,1
20190911,424,1,1
20190911,425,1,1
20190911,426,1,1
20190911,427,1,1
20190911,428,1,1
20190911,429,1,1
20190911,430,1,1
20190911,431,1,1
20190911,432,1,1
20190911,433,1,1
20190911,434,1,1
20190911,435,1,1
20190911,436,1,1
20190911,437,1,1
20190911,438,1,1
20190911,439,1,1
20190911,440,1,1
20190911,441,1,1
20190911,442,1,1
20190911,443,1,1
20190911,444,1,1
20190911,445,1,1
20190911,446,1,1
20190911,447,1,1
20190911,448,1,1
20190911,449,1,1
20190911,450,1,1
20190911,451,1,1
20190911,452,1,1
20190911,453,1,1
20190911,454,1,1
20190911,455,1,1
20190911,456,1,1
20190911,457,1,1
20190911,458,1,1
20190911,459,1,1
20190911,460,1,1
20190911,461,1,1
20190911,462,1,1
20190911,463,1,1
20190911,464,1,1
20190911,465,1,1
20190911,466,1,1
20190911,467,1,1
20190911,468,1,1
20190911,469,1,1
20190911,470,1,1
20190911,471,1,1
20190911,472,1,1
20190911,473,1,1
20190911,474,1,1
20190911,475,1,1
20190911,476,1,1
20190911,477,1,1
20190911,478,1,1
20190911,479,1,1
20190911,480,1,1
20190911,481,1,1
20190911,482,1,1
20190911,483,1,1
20190911,484,1,1
20190911,485,1,1
20190911,486,1,1
20190911,487,1,1
20190911,488,1,1
20190911,489,1,1
20190911,490,1,1
20190911,491,1,1
20190911,492,1,1
20190911,493,1,1
20190911,494,1,1
20190911,495,1,1
20190912,160,1,2
20190912,161,1,2
20190912,162,1,2
20190912,163,1,2
20190912,164,1,2
20190912,165,1,2
20190912,166,1,2
20190912,167,1,2
20190912,168,1,2
20190912,169,1,2
20190912,170,1,2
20190912,171,2,2
20190912,172,2,2
20190912,173,2,2
20190912,174,2,2
20190912,175,2,2
20190912,176,2,2
20190912,177,2,2
20190912,178,2,2
20190912,179,2,2
20190912,180,2,2
20190912,181,2,2
20190912,182,2,2
20190912,183,2,2
20190912,184,2,2
20190912,185,2,2
20190912,186,2,2
20190912,187,2,2
20190912,188,2,2
20190912,189,2,2
20190912,190,2,2
20190912,191,2,2
20190912,192,2,2
20190912,193,2,2
20190912,194,2,2
20190912,195,2,2
20190912,196,2,2
20190912,197,2,2
20190912,198,2,2
20190912,199,2,2
20190912,200,2,2
20190912,201,2,2
20190912,202,2,2
20190912,203,2,2
20190912,204,2,2
20190912,205,2,2
20190912,206,2,2
20190912,207,2,2
20190912,208,2,2
20190912,209,2,2
20190912,210,2,2
20190912,211,2,2
20190912,212,2,2
20190912,213,2,2
20190912,214,2,2
20190912,215,1,2
20190912,216,1,2
20190912,217,1,2
20190912,218,1,2
20190912,219,1,2
20190912,220,1,2
20190912,221,1,2
20190912,222,1,2
20190912,223,1,2
20190912,224,1,2
20190912,225,2,2
20190912,226,2,2
20190912,227,2,2
20190912,228,2,2
20190912,229,2,2
20190912,230,2,2
20190912,231,2,2
20190912,232,2,2
20190912,233,2,2
20190912,234,2,2
20190912,235,2,2
20190912,236,2,2
20190912,237,2,2
20190912,238,2,2
20190912,239,2,2
20190912,240,2,2
20190912,241,2,2
20190912,242,2,2
20190912,243,2,2
20190912,244,2,2
20190912,245,2,2
20190912,246,2,2
20190912,247,2,2
20190912,248,2,2
20190912,249,2,2
20190912,250,2,2
20190912,251,2,2
20190912,252,2,2
20190912,253,2,2
20190912,254,2,2
20190912,255,2,2
20190912,256,2,2
20190912,257,2,2
20190912,258,2,2
20190912,259,2,2
20190912,260,2,2
20190912,261,2,2
20190912,262,2,2
20190912,263,2,2
20190912,264,2,2
20190912,265,2,2
20190912,266,2,2
20190912,267,2,2
20190912,268,2,2
20190912,269,2,2
20190912,270,2,2
20190912,271,2,2
20190912,272,2,2
20190912,273,2,2
20190912,274,2,2
20190912,275,2,2
20190912,276,1,2
20190912,277,1,2
20190912,278,1,2
20190912,279,1,2
20190912,280,1,2
20190912,281,1,2
20190912,282,1,2
20190912,283,1,2
20190912,284,1,2
20190912,285,1,2
20190912,286,2,2
20190912,287,2,2
20190912,288,2,2
20190912,289,2,2
20190912,290,2,2
20190912,291,2,2
20190912,292,2,2
20190912,293,2,2
20190912,294,2,2
20190912,295,2,2
20190912,296,2,2
20190912,297,2,2
20190912,298,1,2
20190912,299,1,2
20190912,300,1,2
20190912,301,1,2
20190912,302,1,2
20190912,303,1,2
20190912,304,1,2
20190912,305,1,2
20190912,306,1,2
20190912,307,1,2
20190912,308,1,2
20190912,309,1,2
20190912,310,1,2
20190912,311,1,2
20190912,312,1,2
20190912,313,1,2
20190912,314,1,2
20190912,315,1,2
20190912,316,1,2
20190912,317,1,2
20190912,318,1,2
20190912,319,1,2
20190912,320,1,2
20190912,321,1,2
20190912,322,2,2
20190912,323,2,2
20190912,324,2,2
20190912,325,2,2
20190912,326,2,2
20190912,327,2,2
20190912,328,2,2
20190912,329,2,2
20190912,330,2,2
20190912,331,2,2
20190912,332,2,2
20190912,333,2,2
20190912,334,2,2
20190912,335,2,2
20190912,336,1,2
20190912,337,1,2
20190912,338,1,2
20190912,339,1,2
20190912,340,1,2
20190912,341,1,2
20190912,342,1,2
20190912,343,1,2
20190912,344,1,2
20190912,345,1,2
20190912,346,2,2
20190912,347,2,2
20190912,348,2,2
20190912,349,2,2
20190912,350,2,2
20190912,351,2,2
20190912,352,2,2
20190912,353,2,2
20190912,354,2,2
20190912,355,2,2
20190912,356,1,2
20190912,357,1,2
20190912,358,1,2
20190912,359,1,2
20190912,360,1,2
20190912,361,1,2
20190912,362,1,2
20190912,363,1,2
20190912,364,1,2
20190912,365,1,2
20190912,366,1,2
20190912,367,1,2
20190912,368,1,2
20190912,369,1,2
20190912,370,1,2
20190912,371,1,2
20190912,372,2,2
20190912,373,2,2
20190912,374,2,2
20190912,375,2,2
20190912,376,2,2
20190912,377,2,2
20190912,378,2,2
20190912,379,2,2
20190912,380,2,2
20190912,381,2,2
20190912,382,2,2
20190912,383,2,2
20190912,384,2,2
20190912,385,2,2
20190912,386,2,2
20190912,387,2,2
20190912,388,2,2
20190912,389,2,2
20190912,390,2,2
20190912,391,2,2
20190912,392,2,2
20190912,393,2,2
20190912,394,2,2
20190912,395,2,2
20190912,396,2,2
20190912,397,2,2
20190912,398,2,2
20190912,399,2,2
20190912,400,2,2
20190912,401,1,2
20190912,402,1,2
20190912,403,1,2
20190912,404,1,2
20190912,405,1,2
20190912,406,1,2
20190912,407,1,2
20190912,408,1,2
20190912,409,1,2
20190912,410,1,2
20190912,411,1,2
20190912,412,1,2
20190912,413,1,2
20190912,414,1,2
20190913,160,1,2
20190913,161,1,2
20190913,162,1,2
20190913,163,1,2
20190913,164,1,2
20190913,165,1,2
20190913,166,1,2
20190913,167,1,2
20190913,168,1,2
20190913,169,1,2
20190913,170,1,2
20190913,171,2,2
20190913,172,2,2
20190913,173,2,2
20190913,174,2,2
20190913,175,2,2
20190913,176,2,2
20190913,177,2,2
20190913,178,2,2
20190913,179,2,2
20190913,180,2,2
20190913,181,2,2
20190913,182,2,2
20190913,183,2,2
20190913,184,2,2
20190913,185,2,2
20190913,186,2,2
20190913,187,2,2
20190913,188,2,2
20190913,189,2,2
20190913,190,2,2
20190913,191,2,2
20190913,192,2,2
20190913,193,2,2
20190913,194,2,2
20190913,195,2,2
20190913,196,2,2
20190913,197,2,2
20190913,198,2,2
20190913,199,2,2
20190913,200,2,2
20190913,201,2,2
20190913,202,2,2
20190913,203,2,2
20190913,204,2,2
20190913,205,2,2
20190913,206,2,2
20190913,207,2,2
20190913,208,2,2
20190913,209,2,2
20190913,210,2,2
20190913,211,2,2
20190913,212,2,2
20190913,213,2,2
20190913,214,2,2
20190913,215,1,2
20190913,216,1,2
20190913,217,1,2
20190913,218,1,2
20190913,219,1,2
20190913,220,1,2
20190913,221,1,2
20190913,222,1,2
20190913,223,1,2
20190913,224,1,2
20190913,225,2,2
20190913,226,2,2
20190913,227,2,2
20190913,228,2,2
20190913,229,2,2
20190913,230,2,2
20190913,231,2,2
20190913,232,2,2
20190913,233,2,2
20190913,234,2,2
20190913,235,2,2
20190913,236,2,2
20190913,237,2,2
20190913,238,2,2
20190913,239,2,2
20190913,240,2,2
20190913,241,2,2
20190913,242,2,2
20190913,243,2,2
20190913,244,2,2
20190913,245,2,2
20190913,246,2,2
20190913,247,2,2
20190913,248,2,2
20190913,249,2,2
20190913,250,2,2
20190913,251,2,2
20190913,252,2,2
20190913,253,2,2
20190913,254,2,2
20190913,255,2,2
20190913,256,2,2
20190913,257,2,2
20190913,258,2,2
20190913,259,2,2
20190913,260,2,2
20190913,261,2,2
20190913,262,2,2
20190913,263,2,2
20190913,264,2,2
20190913,265,2,2
20190913,266,2,2
20190913,267,2,2
20190913,268,2,2
20190913,269,2,2
20190913,270,2,2
20190913,271,2,2
20190913,272,2,2
20190913,273,2,2
20190913,274,2,2
20190913,275,2,2
20190913,276,1,2
20190913,277,1,2
20190913,278,1,2
20190913,279,1,2
20190913,280,1,2
20190913,281,1,2
20190913,282,1,2
20190913,283,1,2
20190913,284,1,2
20190913,285,1,2
20190913,286,2,2
20190913,287,2,2
20190913,288,2,2
20190913,289,2,2
20190913,290,2,2
20190913,291,2,2
20190913,292,2,2
20190913,293,2,2
20190913,294,2,2
20190913,295,2,2
20190913,296,2,2
20190913,297,2,2
20190913,298,1,2
20190913,299,1,2
20190913,300,1,2
20190913,301,1,2
20190913,302,1,2
20190913,303,1,2
20190913,304,1,2
20190913,305,1,2
20190913,306,1,2
20190913,307,1,2
20190913,308,1,2
20190913,309,1,2
20190913,310,1,2
20190913,311,1,2
20190913,312,1,2
20190913,313,1,2
20190913,314,1,2
20190913,315,1,2
20190913,316,1,2
20190913,317,1,2
20190913,318,1,2
20190913,319,1,2
20190913,320,1,2
20190913,321,1,2
20190913,322,2,2
20190913,323,2,2
20190913,324,2,2
20190913,325,2,2
20190913,326,2,2
20190913,327,2,2
20190913,328,2,2
20190913,329,2,2
20190913,330,2,2
20190913,331,2,2
20190913,332,2,2
20190913,333,2,2
20190913,334,2,2
20190913,335,2,2
20190913,336,1,2
20190913,337,1,2
20190913,338,1,2
20190913,339,1,2
20190913,340,1,2
20190913,341,1,2
20190913,342,1,2
20190913,343,1,2
20190913,344,1,2
20190913,345,1,2
20190913,346,2,2
20190913,347,2,2
20190913,348,2,2
20190913,349,2,2
20190913,350,2,2
20190913,351,2,2
20190913,352,2,2
20190913,353,2,2
20190913,354,2,2
20190913,355,1,2
20190913,356,1,2
20190913,357,1,2
20190913,358,1,2
20190913,359,1,2
20190913,360,1,2
20190913,361,1,2
20190913,362,1,2
20190913,363,1,2
20190913,364,1,2
20190913,365,1,2
20190913,366,1,2
20190913,367,1,2
20190913,368,1,2
20190913,369,1,2
20190913,370,1,2
20190913,371,1,2
20190913,372,2,2
20190913,373,2,2
20190913,374,2,2
20190913,375,2,2
20190913,376,2,2
20190913,377,2,2
20190913,378,2,2
20190913,379,2,2
20190913,380,2,2
20190913,381,2,2
20190913,382,2,2
20190913,383,2,2
20190913,384,2,2
20190913,385,2,2
20190913,386,2,2
20190913,387,2,2
20190913,388,2,2
20190913,389,2,2
20190913,390,2,2
20190913,391,2,2
20190913,392,2,2
20190913,393,2,2
20190913,394,2,2
20190913,395,2,2
20190913,396,2,2
20190913,397,2,2
20190913,398,2,2
20190913,399,2,2
20190913,400,2,2
20190913,401,1,2
20190913,402,1,2
20190913,403,1,2
20190913,404,1,2
20190913,405,1,2
20190913,406,1,2
20190913,407,1,2
20190913,408,1,2
20190913,409,1,2
20190913,410,1,2
20190913,411,1,2
20190913,412,1,2
20190913,413,1,2
20190913,414,1,2
